Optimism Geth Workshop,Wave/Round,Term,Amount (Token),Amount (USD)
Ethersjs,RetroPGF1,Nov 2022,,"$51,345"
go-ethereum,RetroPGF1,Nov 2022,,"$45,232"
EthGlobal,RetroPGF1,Nov 2022,,"$42,787"
Hardhat,RetroPGF1,Nov 2022,,"$41,565"
WalletConnect,RetroPGF1,Nov 2022,,"$40,342"
Solidity,RetroPGF1,Nov 2022,,"$40,342"
Goerli,RetroPGF1,Nov 2022,,"$35,452"
Erigon,RetroPGF1,Nov 2022,,"$34,230"
Hive,RetroPGF1,Nov 2022,,"$31,785"
DappTools,RetroPGF1,Nov 2022,,"$30,562"
BuidlGuidl,RetroPGF1,Nov 2022,,"$28,117"
solidity-coverage,RetroPGF1,Nov 2022,,"$24,450"
Kovan,RetroPGF1,Nov 2022,,"$24,450"
Etherscan,RetroPGF1,Nov 2022,,"$24,450"
Giveth,RetroPGF1,Nov 2022,,"$24,450"
blst - BLS12-381 Signatures (Supranational library),RetroPGF1,Nov 2022,,"$23,227"
CryptoFees.info,RetroPGF1,Nov 2022,,"$22,005"
Rotki,RetroPGF1,Nov 2022,,"$22,005"
Proof of Humanity,RetroPGF1,Nov 2022,,"$22,005"
Ipsilon,RetroPGF1,Nov 2022,,"$20,782"
Prettier solidity (library for IDEs),RetroPGF1,Nov 2022,,"$20,782"
js-ethereum-cryptography (JS library),RetroPGF1,Nov 2022,,"$19,560"
Frame,RetroPGF1,Nov 2022,,"$18,337"
OVM security research,RetroPGF1,Nov 2022,,"$17,115"
hardhat-deploy,RetroPGF1,Nov 2022,,"$17,115"
L2BEAT,RetroPGF1,Nov 2022,,"$15,892"
EthStaker,RetroPGF1,Nov 2022,,"$15,892"
gas-reporter,RetroPGF1,Nov 2022,,"$14,670"
EthernautDAO,RetroPGF1,Nov 2022,,"$14,670"
TypeChain,RetroPGF1,Nov 2022,,"$14,670"
GSN,RetroPGF1,Nov 2022,,"$13,447"
OpenEthereum,RetroPGF1,Nov 2022,,"$13,447"
Brownie.Eth,RetroPGF1,Nov 2022,,"$13,447"
TrueBlocks,RetroPGF1,Nov 2022,,"$12,225"
EIP1559,RetroPGF1,Nov 2022,,"$12,225"
BrightID,RetroPGF1,Nov 2022,,"$11,002"
Codechecks,RetroPGF1,Nov 2022,,"$11,002"
DAppNode,RetroPGF1,Nov 2022,,"$9,780"
Otterscan,RetroPGF1,Nov 2022,,"$8,557"
Danny Ryan,RetroPGF1,Nov 2022,,"$8,557"
DeFi Llama,RetroPGF1,Nov 2022,,"$7,335"
Web3-react,RetroPGF1,Nov 2022,,"$7,335"
optimismPBR (Public Benefit Robot),RetroPGF1,Nov 2022,,"$7,335"
LeapDAO,RetroPGF1,Nov 2022,,"$7,335"
Kotal,RetroPGF1,Nov 2022,,"$6,112"
Wildcards,RetroPGF1,Nov 2022,,"$6,112"
Watch The Burn,RetroPGF1,Nov 2022,,"$4,890"
C4,RetroPGF1,Nov 2022,,"$4,890"
Code423n4,RetroPGF1,Nov 2022,,"$4,890"
Sourcecred,RetroPGF1,Nov 2022,,"$4,890"
Crate Crypto,RetroPGF1,Nov 2022,,"$4,890"
Cannon,RetroPGF1,Nov 2022,,"$4,890"
Bankless,RetroPGF1,Nov 2022,,"$3,667"
Proto is a machine,RetroPGF1,Nov 2022,,"$3,667"
Token Engineering Commons,RetroPGF1,Nov 2022,,"$3,667"
Revoke.cash,RetroPGF1,Nov 2022,,"$3,667"
Mutual Aid Monday,RetroPGF1,Nov 2022,,"$1,222"
Blockchain Education Network (BEN),RetroPGF1,Nov 2022,,"$1,222"
Protocol Guild,RetroPGF2,Mar 2023,"557,301.00","$1,275,104.69"
L2BEAT,RetroPGF2,Mar 2023,"256,294.36","$586,401.50"
geth,RetroPGF2,Mar 2023,"230,590.08","$527,590.10"
ETHGlobal,RetroPGF2,Mar 2023,"230,005.52","$526,252.63"
BuidlGuidl,RetroPGF2,Mar 2023,"224,174.11","$512,910.36"
Solidity,RetroPGF2,Mar 2023,"217,383.16","$497,372.67"
Ethers,RetroPGF2,Mar 2023,"209,140.64","$478,513.78"
0xPARC,RetroPGF2,Mar 2023,"206,053.62","$471,450.68"
EIP4844 collection,RetroPGF2,Mar 2023,"195,674.82","$447,703.99"
Monorepo dependencies collection,RetroPGF2,Mar 2023,"188,999.93","$432,431.84"
ZachXBT,RetroPGF2,Mar 2023,"188,573.93","$431,457.15"
OPCraft & MUD (Lattice),RetroPGF2,Mar 2023,"183,348.21","$419,500.70"
OpenZeppelin,RetroPGF2,Mar 2023,"181,764.94","$415,878.18"
DefiLlama,RetroPGF2,Mar 2023,"171,292.71","$391,917.72"
Lighthouse,RetroPGF2,Mar 2023,"165,460.21","$378,572.96"
wagmi,RetroPGF2,Mar 2023,"156,463.05","$357,987.46"
Remix Project,RetroPGF2,Mar 2023,"151,676.14","$347,035.01"
Gitcoin,RetroPGF2,Mar 2023,"151,494.17","$346,618.66"
Foundry,RetroPGF2,Mar 2023,"148,672.83","$340,163.44"
Snapshot,RetroPGF2,Mar 2023,"145,698.50","$333,358.17"
rotki,RetroPGF2,Mar 2023,"145,272.64","$332,383.80"
Goerli,RetroPGF2,Mar 2023,"143,507.74","$328,345.71"
Erigon,RetroPGF2,Mar 2023,"141,650.27","$324,095.82"
Nethermind,RetroPGF2,Mar 2023,"135,623.67","$310,306.96"
Vyper,RetroPGF2,Mar 2023,"135,226.30","$309,397.77"
Kernel,RetroPGF2,Mar 2023,"132,035.12","$302,096.35"
CryptoZombies,RetroPGF2,Mar 2023,"130,577.81","$298,762.03"
Giveth,RetroPGF2,Mar 2023,"129,814.43","$297,015.42"
Week in Ethereum News,RetroPGF2,Mar 2023,"121,700.47","$278,450.68"
Safe (previously Gnosis Safe),RetroPGF2,Mar 2023,"119,584.01","$273,608.21"
beaconcha.in,RetroPGF2,Mar 2023,"105,836.75","$242,154.48"
Agora,RetroPGF2,Mar 2023,"101,992.05","$233,357.81"
Polynya,RetroPGF2,Mar 2023,"98,824.31","$226,110.02"
Support NERDs collection,RetroPGF2,Mar 2023,"93,683.95","$214,348.88"
eth.limo,RetroPGF2,Mar 2023,"92,270.33","$211,114.52"
Synpress,RetroPGF2,Mar 2023,"91,886.73","$210,236.84"
Cannon,RetroPGF2,Mar 2023,"90,241.42","$206,472.37"
Translators collection,RetroPGF2,Mar 2023,"85,657.06","$195,983.35"
Nimbus,RetroPGF2,Mar 2023,"84,018.23","$192,233.71"
Lodestar,RetroPGF2,Mar 2023,"79,662.51","$182,267.82"
Teku,RetroPGF2,Mar 2023,"78,199.65","$178,920.80"
Revoke.cash,RetroPGF2,Mar 2023,"73,489.50","$168,143.98"
TrueBlocks,RetroPGF2,Mar 2023,"71,866.56","$164,430.69"
RadicalXChange,RetroPGF2,Mar 2023,"70,988.29","$162,421.21"
Otterscan,RetroPGF2,Mar 2023,"68,834.84","$157,494.11"
Blockscout,RetroPGF2,Mar 2023,"65,259.35","$149,313.39"
Where has the OP Gone?,RetroPGF2,Mar 2023,"65,055.77","$148,847.60"
Cryptocurrency and Friends,RetroPGF2,Mar 2023,"63,907.22","$146,219.72"
EthernautDAO,RetroPGF2,Mar 2023,"63,437.90","$145,145.92"
Keccak hashing,RetroPGF2,Mar 2023,"62,838.16","$143,773.71"
hardhat-deploy,RetroPGF2,Mar 2023,"62,648.76","$143,340.36"
Infinitism (ERC-4337) - Account Abstraction,RetroPGF2,Mar 2023,"61,332.92","$140,329.72"
Commons Stack,RetroPGF2,Mar 2023,"60,038.39","$137,367.84"
MerkleTreeJS,RetroPGF2,Mar 2023,"58,260.33","$133,299.64"
Pocket Network,RetroPGF2,Mar 2023,"58,180.59","$133,117.19"
Bankless Academy,RetroPGF2,Mar 2023,"58,066.79","$132,856.82"
TE Academy,RetroPGF2,Mar 2023,"57,564.71","$131,708.06"
Michael Vander Meiden,RetroPGF2,Mar 2023,"56,339.40","$128,904.55"
SEED LATAM (formerly DeFi LATAM),RetroPGF2,Mar 2023,"55,061.82","$125,981.44"
EIP-5164 / PoolTogether Inc,RetroPGF2,Mar 2023,"54,551.25","$124,813.26"
Optimism Ambassador collection,RetroPGF2,Mar 2023,"52,240.79","$119,526.93"
0xSplits,RetroPGF2,Mar 2023,"52,154.24","$119,328.90"
Guild,RetroPGF2,Mar 2023,"51,001.26","$116,690.88"
Chainlist,RetroPGF2,Mar 2023,"49,979.68","$114,353.51"
Hyperledger Besu,RetroPGF2,Mar 2023,"48,486.28","$110,936.61"
üêç snekmate,RetroPGF2,Mar 2023,"48,081.33","$110,010.08"
Frame,RetroPGF2,Mar 2023,"47,826.28","$109,426.53"
Optimism en Espa√±ol,RetroPGF2,Mar 2023,"45,993.28","$105,232.62"
IC3,RetroPGF2,Mar 2023,"45,349.22","$103,759.02"
Solady,RetroPGF2,Mar 2023,"45,018.75","$103,002.90"
TypeChain,RetroPGF2,Mar 2023,"44,938.67","$102,819.68"
Attestation Station Interface,RetroPGF2,Mar 2023,"44,342.30","$101,455.18"
Prettier Solidity,RetroPGF2,Mar 2023,"43,833.72","$100,291.55"
blst by Supranational,RetroPGF2,Mar 2023,"40,614.00","$92,924.83"
Flipside Crypto,RetroPGF2,Mar 2023,"40,079.68","$91,702.31"
Blobscan,RetroPGF2,Mar 2023,"40,012.19","$91,547.89"
Akula,RetroPGF2,Mar 2023,"39,663.82","$90,750.82"
Slither,RetroPGF2,Mar 2023,"38,926.43","$89,063.67"
Hop Protocol,RetroPGF2,Mar 2023,"38,596.06","$88,307.79"
CANDIDE Wallet,RetroPGF2,Mar 2023,"37,888.81","$86,689.60"
Umbra,RetroPGF2,Mar 2023,"34,177.99","$78,199.24"
Boardroom,RetroPGF2,Mar 2023,"32,480.07","$74,314.40"
diligit,RetroPGF2,Mar 2023,"31,481.75","$72,030.24"
hildobby's Dune dashboards,RetroPGF2,Mar 2023,"31,170.72","$71,318.61"
EthereumETL,RetroPGF2,Mar 2023,"31,044.49","$71,029.79"
Sourcify,RetroPGF2,Mar 2023,"30,743.66","$70,341.49"
Small Brain Games,RetroPGF2,Mar 2023,"28,260.70","$64,660.48"
ChugSplash,RetroPGF2,Mar 2023,"27,967.65","$63,989.98"
Zapper,RetroPGF2,Mar 2023,"27,792.68","$63,589.65"
Jrocki - YouTube & Podcast,RetroPGF2,Mar 2023,"27,607.95","$63,166.99"
BanklessDAO Projects,RetroPGF2,Mar 2023,"27,567.62","$63,074.71"
ITU Blockchain,RetroPGF2,Mar 2023,"26,447.32","$60,511.47"
Token Terminal,RetroPGF2,Mar 2023,"25,954.85","$59,384.70"
Layer 2 Landscape,RetroPGF2,Mar 2023,"25,407.48","$58,132.31"
H.E.R. DAO LATAM,RetroPGF2,Mar 2023,"24,880.58","$56,926.77"
Optimism DAppNode Package,RetroPGF2,Mar 2023,"24,704.11","$56,523.00"
Atlantis World,RetroPGF2,Mar 2023,"23,656.03","$54,125.00"
delegation.tools,RetroPGF2,Mar 2023,"23,641.12","$54,090.88"
Ipsilon,RetroPGF2,Mar 2023,"23,531.25","$53,839.50"
Solhint,RetroPGF2,Mar 2023,"22,972.70","$52,561.54"
Layer 2 Weekly Roundup,RetroPGF2,Mar 2023,"22,678.04","$51,887.36"
Dapp-Learning,RetroPGF2,Mar 2023,"21,627.00","$49,482.58"
NiceNode,RetroPGF2,Mar 2023,"21,521.52","$49,241.24"
Women Biz - Optimism education,RetroPGF2,Mar 2023,"21,067.76","$48,203.03"
thesleeper.eth Thai OP contents,RetroPGF2,Mar 2023,"20,380.82","$46,631.32"
Node Guardians,RetroPGF2,Mar 2023,"20,278.03","$46,396.13"
Web3j,RetroPGF2,Mar 2023,"19,785.18","$45,268.49"
WTF Academy,RetroPGF2,Mar 2023,"19,419.09","$44,430.88"
The Optimistic Series,RetroPGF2,Mar 2023,"19,213.55","$43,960.60"
Messari Protocol Services,RetroPGF2,Mar 2023,"19,085.86","$43,668.45"
Flexible Voting,RetroPGF2,Mar 2023,"19,056.60","$43,601.50"
JiffyScan,RetroPGF2,Mar 2023,"18,994.87","$43,460.26"
Multicall3,RetroPGF2,Mar 2023,"18,798.99","$43,012.09"
CryptoStats,RetroPGF2,Mar 2023,"18,549.22","$42,440.62"
‚ö°Ô∏èTurboETH - Web3 Build System,RetroPGF2,Mar 2023,"18,271.88","$41,806.06"
Clique,RetroPGF2,Mar 2023,"18,034.69","$41,263.37"
Gelato,RetroPGF2,Mar 2023,"17,983.16","$41,145.47"
Fire,RetroPGF2,Mar 2023,"15,774.28","$36,091.55"
ETHEREUM M√âXICO,RetroPGF2,Mar 2023,"15,736.37","$36,004.81"
Proof of Integrity,RetroPGF2,Mar 2023,"15,732.30","$35,995.50"
Rollup Economics Dashboard,RetroPGF2,Mar 2023,"15,329.31","$35,073.46"
Optimism FM,RetroPGF2,Mar 2023,"15,206.14","$34,791.65"
Across Protocol,RetroPGF2,Mar 2023,"15,038.62","$34,408.36"
Optinames | ENS on Optimism,RetroPGF2,Mar 2023,"13,930.17","$31,872.23"
Apetimism Launchpad,RetroPGF2,Mar 2023,"13,769.49","$31,504.59"
Smock,RetroPGF2,Mar 2023,"13,684.13","$31,309.29"
Filosof√≠a C√≥digo,RetroPGF2,Mar 2023,"13,411.82","$30,686.24"
OP Dashboards  by Springzhang,RetroPGF2,Mar 2023,"13,169.25","$30,131.24"
Ante,RetroPGF2,Mar 2023,"12,928.58","$29,580.59"
Crate-Crypto,RetroPGF2,Mar 2023,"12,115.61","$27,720.52"
Duniversity (Dune Education),RetroPGF2,Mar 2023,"11,449.32","$26,196.04"
WakeUp Labs,RetroPGF2,Mar 2023,"11,328.63","$25,919.91"
Cryptoversidad,RetroPGF2,Mar 2023,"10,933.37","$25,015.55"
Forta,RetroPGF2,Mar 2023,"10,875.07","$24,882.16"
Web3beach,RetroPGF2,Mar 2023,"10,735.09","$24,561.89"
GasHawk,RetroPGF2,Mar 2023,"10,535.97","$24,106.30"
Otterspace,RetroPGF2,Mar 2023,"10,499.66","$24,023.22"
dm3 protocol,RetroPGF2,Mar 2023,"10,197.32","$23,331.47"
donnoh,RetroPGF2,Mar 2023,"10,129.83","$23,177.05"
timdaub‚Äôs work as ETH Magician,RetroPGF2,Mar 2023,"10,072.54","$23,045.97"
Espacio Cripto,RetroPGF2,Mar 2023,"9,910.00","$22,674.08"
Web3 Data Degens,RetroPGF2,Mar 2023,"9,657.05","$22,095.33"
Praise,RetroPGF2,Mar 2023,"9,286.72","$21,248.02"
RainbowKit Login for WordPress,RetroPGF2,Mar 2023,"9,227.83","$21,113.28"
Nested,RetroPGF2,Mar 2023,"8,663.52","$19,822.13"
OptiChads,RetroPGF2,Mar 2023,"8,606.59","$19,691.88"
Ankr,RetroPGF2,Mar 2023,"8,603.48","$19,684.76"
RareSkills,RetroPGF2,Mar 2023,"8,449.31","$19,332.02"
LlamaFolio,RetroPGF2,Mar 2023,"8,246.43","$18,867.83"
Pairwise,RetroPGF2,Mar 2023,"7,805.18","$17,858.25"
Fractal Visions,RetroPGF2,Mar 2023,"7,588.94","$17,363.49"
OP Medicine,RetroPGF2,Mar 2023,"7,195.57","$16,463.46"
L2planet,RetroPGF2,Mar 2023,"6,845.28","$15,662.00"
Orbiter Finance,RetroPGF2,Mar 2023,"6,696.53","$15,321.66"
DeFi Library,RetroPGF2,Mar 2023,"6,403.57","$14,651.37"
Blocktrend (ÂçÄÂ°äÂã¢),RetroPGF2,Mar 2023,"6,355.71","$14,541.86"
Rust-cannon-template,RetroPGF2,Mar 2023,"5,995.93","$13,718.69"
EthereansOS,RetroPGF2,Mar 2023,"5,990.16","$13,705.49"
Optimism Prices Contracts,RetroPGF2,Mar 2023,"5,973.38","$13,667.09"
Chaineye,RetroPGF2,Mar 2023,"5,680.22","$12,996.34"
jordanmmck,RetroPGF2,Mar 2023,"5,566.61","$12,736.40"
Scry,RetroPGF2,Mar 2023,"5,324.67","$12,182.84"
OptimismArabia,RetroPGF2,Mar 2023,"5,322.68","$12,178.29"
Esteroids,RetroPGF2,Mar 2023,"4,759.80","$10,890.42"
Basic course in crypto literacy,RetroPGF2,Mar 2023,"4,503.78","$10,304.65"
cp0x,RetroPGF2,Mar 2023,"4,378.20","$10,017.32"
Bored Town,RetroPGF2,Mar 2023,"4,109.12","$9,401.67"
Quark ID,RetroPGF2,Mar 2023,"4,029.06","$9,218.49"
Launchifi,RetroPGF2,Mar 2023,"3,424.26","$7,834.71"
MarcoV (Optimism Dashboards),RetroPGF2,Mar 2023,"3,244.13","$7,422.57"
MetricsDAO,RetroPGF2,Mar 2023,"2,859.89","$6,543.43"
Revolte,RetroPGF2,Mar 2023,"2,800.97","$6,408.62"
Big Sybil'or,RetroPGF2,Mar 2023,"2,796.37","$6,398.09"
Odos,RetroPGF2,Mar 2023,"2,619.19","$5,992.71"
RockX,RetroPGF2,Mar 2023,"2,552.76","$5,840.71"
Infinity Wallet & Web3 Browser,RetroPGF2,Mar 2023,"2,508.66","$5,739.81"
DexKit,RetroPGF2,Mar 2023,"2,436.18","$5,573.98"
BwareLabs,RetroPGF2,Mar 2023,"2,217.50","$5,073.64"
OAYC,RetroPGF2,Mar 2023,"2,148.79","$4,916.43"
OptimismGuru,RetroPGF2,Mar 2023,"2,144.20","$4,905.93"
Perpetuals Dune Abstraction,RetroPGF2,Mar 2023,"2,069.04","$4,733.96"
raise_exception (rotate.eth),RetroPGF2,Mar 2023,"2,044.08","$4,676.86"
Optimism Cult Merch,RetroPGF2,Mar 2023,"1,862.82","$4,262.13"
Eneagon by zenbit.eth,RetroPGF2,Mar 2023,"1,535.52","$3,513.27"
Layer2DAO,RetroPGF2,Mar 2023,"1,465.75","$3,353.64"
Sugar,RetroPGF2,Mar 2023,"1,103.26","$2,524.26"
GiveStation,RetroPGF2,Mar 2023,"1,101.52","$2,520.28"
Gov,RetroPGF2,Mar 2023,"1,079.78","$2,470.54"
ERC-5560: Redeemable NFTs,RetroPGF2,Mar 2023,"1,072.54","$2,453.97"
Questbook,RetroPGF2,Mar 2023,"1,014.56","$2,321.31"
MUX Protocol,RetroPGF2,Mar 2023,$985.61,"$2,255.08"
Rigoblock,RetroPGF2,Mar 2023,$927.59,"$2,122.33"
Thumbs Up Finance,RetroPGF2,Mar 2023,$724.68,"$1,658.07"
NFTEarth,RetroPGF2,Mar 2023,$594.26,"$1,359.67"
Ospace,RetroPGF2,Mar 2023,$594.26,"$1,359.67"
Protocol Guild,RetroPGF3,Dec 2023,"663,853.62","$2,458,250"
go-ethereum,RetroPGF3,Dec 2023,"496,896.42","$1,840,007"
Solidity,RetroPGF3,Dec 2023,"422,361.96","$1,564,006"
Erigon,RetroPGF3,Dec 2023,"339,545.72","$1,257,338"
Lighthouse,RetroPGF3,Dec 2023,"298,137.85","$1,104,004"
libp2p,RetroPGF3,Dec 2023,"298,137.85","$1,104,004"
ethers.js,RetroPGF3,Dec 2023,"298,137.85","$1,104,004"
Hardhat,RetroPGF3,Dec 2023,"280,249.58","$1,037,764"
Test in Prod,RetroPGF3,Dec 2023,"273,293.03","$1,012,004"
ETHGlobal,RetroPGF3,Dec 2023,"253,848.98","$940,003"
Remix Project,RetroPGF3,Dec 2023,"248,448.21","$920,004"
Lodestar,RetroPGF3,Dec 2023,"248,448.21","$920,004"
DefiLlama,RetroPGF3,Dec 2023,"248,448.21","$920,004"
Account Abstraction - ERC-4337,RetroPGF3,Dec 2023,"248,448.21","$920,004"
Web3js,RetroPGF3,Dec 2023,"248,448.21","$920,004"
OpenZeppelin Contracts,RetroPGF3,Dec 2023,"248,448.21","$920,004"
Nethermind,RetroPGF3,Dec 2023,"248,448.21","$920,004"
Dappnode,RetroPGF3,Dec 2023,"248,448.21","$920,004"
Vyper,RetroPGF3,Dec 2023,"248,448.21","$920,004"
üè∞ BuidlGuidl,RetroPGF3,Dec 2023,"227,602.91","$842,814"
IPFS,RetroPGF3,Dec 2023,"225,861.29","$836,364"
beaconcha.in,RetroPGF3,Dec 2023,"223,603.39","$828,003"
Ethereum Attestation Service,RetroPGF3,Dec 2023,"219,757.63","$813,763"
Agora,RetroPGF3,Dec 2023,"212,309.93","$786,184"
Snapshot,RetroPGF3,Dec 2023,"198,758.57","$736,003"
L2BEAT üíó,RetroPGF3,Dec 2023,"198,758.57","$736,003"
Wagmi / Viem,RetroPGF3,Dec 2023,"198,758.57","$736,003"
Blockscout Block Explorer,RetroPGF3,Dec 2023,"198,758.57","$736,003"
foundry,RetroPGF3,Dec 2023,"198,758.57","$736,003"
Sourcify,RetroPGF3,Dec 2023,"198,758.57","$736,003"
Nimbus,RetroPGF3,Dec 2023,"198,758.57","$736,003"
revm,RetroPGF3,Dec 2023,"198,758.57","$736,003"
Lattice (OPCraft & MUD),RetroPGF3,Dec 2023,"195,280.29","$723,123"
Gitcoin,RetroPGF3,Dec 2023,"176,398.23","$653,203"
Otterscan,RetroPGF3,Dec 2023,"170,364.91","$630,861"
ZachXBT,RetroPGF3,Dec 2023,"149,455.01","$553,432"
rotki,RetroPGF3,Dec 2023,"149,068.93","$552,002"
Revoke.cash,RetroPGF3,Dec 2023,"149,068.93","$552,002"
OP Reth,RetroPGF3,Dec 2023,"149,068.93","$552,002"
Giveth,RetroPGF3,Dec 2023,"149,068.93","$552,002"
Mirror,RetroPGF3,Dec 2023,"138,983.92","$514,657"
TrueBlocks / Unchained Index,RetroPGF3,Dec 2023,"136,646.52","$506,002"
Ethereum on ARM,RetroPGF3,Dec 2023,"133,449.98","$494,165"
Immunefi,RetroPGF3,Dec 2023,"129,193.07","$478,402"
Open Source Observer,RetroPGF3,Dec 2023,"127,914.06","$473,666"
Ethereum Cat Herders,RetroPGF3,Dec 2023,"124,224.11","$460,002"
Department of Decentralization,RetroPGF3,Dec 2023,"124,224.11","$460,002"
TypeChain / DethCode,RetroPGF3,Dec 2023,"124,224.11","$460,002"
Frame,RetroPGF3,Dec 2023,"123,541.37","$457,474"
Slither,RetroPGF3,Dec 2023,"121,739.62","$450,802"
BasePaint,RetroPGF3,Dec 2023,"115,058.35","$426,061"
Small Brain Games,RetroPGF3,Dec 2023,"114,285.18","$423,198"
CharmVerse,RetroPGF3,Dec 2023,"109,317.21","$404,802"
Aerodrome Finance,RetroPGF3,Dec 2023,"104,348.25","$386,402"
Kwenta,RetroPGF3,Dec 2023,"99,876.18","$369,841"
Ultra Sound Relay,RetroPGF3,Dec 2023,"99,379.28","$368,001"
Secureum,RetroPGF3,Dec 2023,"99,379.28","$368,001"
Candide,RetroPGF3,Dec 2023,"99,379.28","$368,001"
CryptoZombies,RetroPGF3,Dec 2023,"99,379.28","$368,001"
RainbowKit,RetroPGF3,Dec 2023,"99,379.28","$368,001"
Metagov,RetroPGF3,Dec 2023,"99,379.28","$368,001"
Cannon,RetroPGF3,Dec 2023,"99,379.28","$368,001"
Coordinape,RetroPGF3,Dec 2023,"99,379.28","$368,001"
Wallet Abstraction,RetroPGF3,Dec 2023,"99,379.28","$368,001"
Velodrome,RetroPGF3,Dec 2023,"99,379.28","$368,001"
Blobscan,RetroPGF3,Dec 2023,"99,379.28","$368,001"
Support NERDs,RetroPGF3,Dec 2023,"99,379.28","$368,001"
Fe,RetroPGF3,Dec 2023,"99,379.28","$368,001"
StreamETH,RetroPGF3,Dec 2023,"99,379.28","$368,001"
EthernautDAO,RetroPGF3,Dec 2023,"99,379.28","$368,001"
Ipsilon,RetroPGF3,Dec 2023,"99,379.28","$368,001"
Lyra Finance,RetroPGF3,Dec 2023,"99,379.28","$368,001"
Waffle,RetroPGF3,Dec 2023,"99,379.28","$368,001"
Guild.xyz,RetroPGF3,Dec 2023,"99,379.28","$368,001"
Synpress,RetroPGF3,Dec 2023,"99,379.28","$368,001"
Optimistic Indexer,RetroPGF3,Dec 2023,"99,379.28","$368,001"
Vectorized,RetroPGF3,Dec 2023,"99,379.28","$368,001"
UseDApp,RetroPGF3,Dec 2023,"99,379.28","$368,001"
Synthetix,RetroPGF3,Dec 2023,"99,379.28","$368,001"
eth.limo,RetroPGF3,Dec 2023,"99,379.28","$368,001"
Optimism Translators,RetroPGF3,Dec 2023,"99,379.28","$368,001"
ApeWorX LTD,RetroPGF3,Dec 2023,"99,379.28","$368,001"
Soul Wallet,RetroPGF3,Dec 2023,"99,379.28","$368,001"
Gitcoin Passport,RetroPGF3,Dec 2023,"99,379.28","$368,001"
Ronan Sandford,RetroPGF3,Dec 2023,"99,379.28","$368,001"
EthereumETL,RetroPGF3,Dec 2023,"99,379.28","$368,001"
Yearn,RetroPGF3,Dec 2023,"99,379.28","$368,001"
Tally,RetroPGF3,Dec 2023,"99,379.28","$368,001"
Optimism Ambassadors,RetroPGF3,Dec 2023,"99,379.28","$368,001"
Kernel,RetroPGF3,Dec 2023,"99,379.28","$368,001"
Sushi,RetroPGF3,Dec 2023,"99,379.28","$368,001"
P256Verifier,RetroPGF3,Dec 2023,"99,379.28","$368,001"
The Ethernaut,RetroPGF3,Dec 2023,"99,379.28","$368,001"
Zuzalu,RetroPGF3,Dec 2023,"99,379.28","$368,001"
ZORA,RetroPGF3,Dec 2023,"99,379.28","$368,001"
Blocknative | Web3 Onboard,RetroPGF3,Dec 2023,"99,379.28","$368,001"
Aestus Relay,RetroPGF3,Dec 2023,"97,294.31","$360,281"
Pairwise,RetroPGF3,Dec 2023,"96,208.59","$356,260"
Hypercerts Foundation,RetroPGF3,Dec 2023,"94,410.32","$349,601"
WhatsABI,RetroPGF3,Dec 2023,"94,410.32","$349,601"
Prettier Solidity,RetroPGF3,Dec 2023,"92,656.28","$343,106"
Funding the Commons,RetroPGF3,Dec 2023,"92,656.28","$343,106"
Splits,RetroPGF3,Dec 2023,"92,167.83","$341,297"
OP Governance Analytics Dashboard,RetroPGF3,Dec 2023,"90,435.15","$334,881"
Conduit,RetroPGF3,Dec 2023,"89,441.36","$331,201"
Zero Knowledge Podcast,RetroPGF3,Dec 2023,"89,441.36","$331,201"
draper,RetroPGF3,Dec 2023,"89,441.36","$331,201"
Galxe,RetroPGF3,Dec 2023,"85,313.14","$315,915"
PatrickAlphaC,RetroPGF3,Dec 2023,"84,472.39","$312,801"
ETHSafari 2023,RetroPGF3,Dec 2023,"82,229.90","$304,497"
Keccak hashing,RetroPGF3,Dec 2023,"81,987.91","$303,601"
Sonne Finance,RetroPGF3,Dec 2023,"81,987.91","$303,601"
EthStaker,RetroPGF3,Dec 2023,"81,987.91","$303,601"
Hats Protocol,RetroPGF3,Dec 2023,"79,503.43","$294,401"
Holograph,RetroPGF3,Dec 2023,"79,503.43","$294,401"
LexDAO,RetroPGF3,Dec 2023,"79,503.43","$294,401"
Alloy,RetroPGF3,Dec 2023,"77,515.84","$287,041"
Socket,RetroPGF3,Dec 2023,"76,445.53","$283,078"
Endaoment,RetroPGF3,Dec 2023,"76,445.53","$283,078"
Gelato,RetroPGF3,Dec 2023,"76,445.53","$283,078"
AW House/Komorebi's Hacker House,RetroPGF3,Dec 2023,"76,445.53","$283,078"
DappRadar,RetroPGF3,Dec 2023,"76,445.53","$283,078"
Rainbow Wallet,RetroPGF3,Dec 2023,"76,445.53","$283,078"
Sassal.eth,RetroPGF3,Dec 2023,"76,445.53","$283,078"
growthepie,RetroPGF3,Dec 2023,"76,445.53","$283,078"
ChainList,RetroPGF3,Dec 2023,"76,445.53","$283,078"
Tenderly,RetroPGF3,Dec 2023,"76,445.53","$283,078"
Beam Wallet LLC,RetroPGF3,Dec 2023,"76,445.53","$283,078"
RabbitHole,RetroPGF3,Dec 2023,"76,445.53","$283,078"
ethOS,RetroPGF3,Dec 2023,"76,445.53","$283,078"
ERC4337 Smart Accounts Dune Dashboard,RetroPGF3,Dec 2023,"75,490.00","$279,539"
Pyth Network,RetroPGF3,Dec 2023,"74,534.46","$276,001"
JiffyScan,RetroPGF3,Dec 2023,"74,534.46","$276,001"
WASD,RetroPGF3,Dec 2023,"74,534.46","$276,001"
BrightID,RetroPGF3,Dec 2023,"74,534.46","$276,001"
Alchemy,RetroPGF3,Dec 2023,"74,534.46","$276,001"
roll-op,RetroPGF3,Dec 2023,"74,534.46","$276,001"
NiceNode,RetroPGF3,Dec 2023,"74,534.46","$276,001"
Umbra,RetroPGF3,Dec 2023,"74,534.46","$276,001"
Crust Network,RetroPGF3,Dec 2023,"74,534.46","$276,001"
Forum,RetroPGF3,Dec 2023,"74,534.46","$276,001"
The Red Guild,RetroPGF3,Dec 2023,"74,534.46","$276,001"
Clave (formerly Opclave),RetroPGF3,Dec 2023,"74,534.46","$276,001"
Paco Bytes,RetroPGF3,Dec 2023,"73,252.54","$271,254"
Impersonator,RetroPGF3,Dec 2023,"72,511.10","$268,509"
polynya,RetroPGF3,Dec 2023,"72,049.98","$266,801"
Commons Stack,RetroPGF3,Dec 2023,"69,565.50","$257,601"
NumbaNERDs,RetroPGF3,Dec 2023,"69,565.50","$257,601"
Karma,RetroPGF3,Dec 2023,"69,565.50","$257,601"
Edge & Node / The Graph,RetroPGF3,Dec 2023,"67,081.02","$248,401"
Hardhat Tracer,RetroPGF3,Dec 2023,"66,145.36","$244,936"
Moso,RetroPGF3,Dec 2023,"65,585.86","$242,864"
Bware Labs,RetroPGF3,Dec 2023,"65,585.86","$242,864"
PR0,RetroPGF3,Dec 2023,"65,585.86","$242,864"
Holonym,RetroPGF3,Dec 2023,"64,596.53","$239,201"
Superscan,RetroPGF3,Dec 2023,"64,596.53","$239,201"
blst Cryptography Library,RetroPGF3,Dec 2023,"64,596.53","$239,201"
Velocimeter,RetroPGF3,Dec 2023,"63,335.41","$234,531"
grapebaba,RetroPGF3,Dec 2023,"62,608.95","$231,841"
Fire,RetroPGF3,Dec 2023,"62,112.05","$230,001"
State Channels,RetroPGF3,Dec 2023,"62,112.05","$230,001"
Upnode Deploy | OP Stack Deployment UI,RetroPGF3,Dec 2023,"62,112.05","$230,001"
Pocket Network,RetroPGF3,Dec 2023,"61,771.18","$228,739"
Patrick Workman,RetroPGF3,Dec 2023,"60,616.89","$224,464"
Token Engineering Commons,RetroPGF3,Dec 2023,"59,627.57","$220,801"
Praise,RetroPGF3,Dec 2023,"59,627.57","$220,801"
ShapeShift DAO,RetroPGF3,Dec 2023,"59,627.57","$220,801"
Collab.Land,RetroPGF3,Dec 2023,"59,627.57","$220,801"
Seamless Protocol,RetroPGF3,Dec 2023,"59,627.57","$220,801"
Week in Ethereum News,RetroPGF3,Dec 2023,"59,627.57","$220,801"
Lore,RetroPGF3,Dec 2023,"59,627.57","$220,801"
Public Goods Grant Management,RetroPGF3,Dec 2023,"58,674.52","$217,272"
abi-to-sol,RetroPGF3,Dec 2023,"58,132.41","$215,264"
Wonderland,RetroPGF3,Dec 2023,"57,218.12","$211,879"
Index Supply,RetroPGF3,Dec 2023,"57,143.09","$211,601"
Decent.xyz,RetroPGF3,Dec 2023,"56,637.25","$209,728"
LlamaFolio,RetroPGF3,Dec 2023,"56,038.49","$207,511"
Hedgey,RetroPGF3,Dec 2023,"55,430.78","$205,260"
Moonwell,RetroPGF3,Dec 2023,"54,658.61","$202,401"
Ultra Sound Money,RetroPGF3,Dec 2023,"54,658.61","$202,401"
Jessy's Hacker House,RetroPGF3,Dec 2023,"54,049.41","$200,145"
RadicalxChange Foundation,RetroPGF3,Dec 2023,"52,755.99","$195,355"
Arbiter,RetroPGF3,Dec 2023,"52,174.12","$193,201"
Coop Records Music,RetroPGF3,Dec 2023,"51,677.23","$191,361"
Equalizer,RetroPGF3,Dec 2023,"50,913.00","$188,531"
TechNERD Program,RetroPGF3,Dec 2023,"50,461.82","$186,860"
Xofee,RetroPGF3,Dec 2023,"50,076.23","$185,432"
DeepDAO,RetroPGF3,Dec 2023,"49,689.64","$184,001"
DAC on OP Stack,RetroPGF3,Dec 2023,"49,689.64","$184,001"
Delegate,RetroPGF3,Dec 2023,"49,689.64","$184,001"
Alex Harley,RetroPGF3,Dec 2023,"49,689.64","$184,001"
Public Nouns,RetroPGF3,Dec 2023,"49,689.64","$184,001"
Boardroom,RetroPGF3,Dec 2023,"49,689.64","$184,001"
Clipper,RetroPGF3,Dec 2023,"49,689.64","$184,001"
OptiNames | ENS on Optimism üî¥,RetroPGF3,Dec 2023,"49,689.64","$184,001"
Odos,RetroPGF3,Dec 2023,"49,689.64","$184,001"
Grateful,RetroPGF3,Dec 2023,"49,689.64","$184,001"
Node Guardians,RetroPGF3,Dec 2023,"49,689.64","$184,001"
cryo,RetroPGF3,Dec 2023,"49,689.64","$184,001"
Frens,RetroPGF3,Dec 2023,"49,689.64","$184,001"
WTF Academy,RetroPGF3,Dec 2023,"49,689.64","$184,001"
Retrolist | RetroPGF Rubric-based List Creation UI,RetroPGF3,Dec 2023,"49,689.64","$184,001"
Covalent,RetroPGF3,Dec 2023,"49,689.64","$184,001"
IC3,RetroPGF3,Dec 2023,"49,689.64","$184,001"
RetroPGF Community,RetroPGF3,Dec 2023,"49,689.64","$184,001"
Wallet Guard,RetroPGF3,Dec 2023,"49,689.64","$184,001"
Token Engineering Academy,RetroPGF3,Dec 2023,"49,689.64","$184,001"
Builder Protocol,RetroPGF3,Dec 2023,"49,689.64","$184,001"
Clique,RetroPGF3,Dec 2023,"49,689.64","$184,001"
Gaslite,RetroPGF3,Dec 2023,"49,689.64","$184,001"
Antoine,RetroPGF3,Dec 2023,"49,689.64","$184,001"
RADAR,RetroPGF3,Dec 2023,"49,689.64","$184,001"
Layer3,RetroPGF3,Dec 2023,"49,689.64","$184,001"
ETHBarcelona,RetroPGF3,Dec 2023,"49,689.64","$184,001"
The Noun Square Media Collective,RetroPGF3,Dec 2023,"49,689.64","$184,001"
Spearbit,RetroPGF3,Dec 2023,"49,689.64","$184,001"
Bonding Curve Research Group,RetroPGF3,Dec 2023,"49,689.64","$184,001"
wslyvh,RetroPGF3,Dec 2023,"49,689.64","$184,001"
Public Assembly,RetroPGF3,Dec 2023,"49,689.64","$184,001"
anotherblock,RetroPGF3,Dec 2023,"49,689.64","$184,001"
Hop DAO,RetroPGF3,Dec 2023,"49,689.64","$184,001"
Sphinx (formerly ChugSplash),RetroPGF3,Dec 2023,"49,689.64","$184,001"
Ethereum France,RetroPGF3,Dec 2023,"49,689.64","$184,001"
Giveth Web3 House,RetroPGF3,Dec 2023,"49,689.64","$184,001"
‚ö°Ô∏è TurboETH,RetroPGF3,Dec 2023,"49,689.64","$184,001"
Diego,RetroPGF3,Dec 2023,"49,689.64","$184,001"
go-ethereum-hdwallet,RetroPGF3,Dec 2023,"49,689.64","$184,001"
Chronicle Labs,RetroPGF3,Dec 2023,"49,689.64","$184,001"
Synapse DAO,RetroPGF3,Dec 2023,"49,689.64","$184,001"
EZKL,RetroPGF3,Dec 2023,"49,689.64","$184,001"
Based Nouns,RetroPGF3,Dec 2023,"49,689.64","$184,001"
ChainPatrol - Real Time Security protecting the OP Collective,RetroPGF3,Dec 2023,"49,689.64","$184,001"
crate crypto,RetroPGF3,Dec 2023,"49,689.64","$184,001"
IDriss,RetroPGF3,Dec 2023,"49,689.64","$184,001"
Flipside Crypto,RetroPGF3,Dec 2023,"49,689.64","$184,001"
üêç snekmate,RetroPGF3,Dec 2023,"49,689.64","$184,001"
Ankr,RetroPGF3,Dec 2023,"49,689.64","$184,001"
Ponder,RetroPGF3,Dec 2023,"49,689.64","$184,001"
Optimism Grants Council Season 4,RetroPGF3,Dec 2023,"49,689.64","$184,001"
Greg's Farcaster Projects,RetroPGF3,Dec 2023,"49,689.64","$184,001"
LearnWeb3,RetroPGF3,Dec 2023,"49,689.64","$184,001"
Public HAUS,RetroPGF3,Dec 2023,"49,197.71","$182,179"
DackieSwap,RetroPGF3,Dec 2023,"47,956.47","$177,583"
Airstack,RetroPGF3,Dec 2023,"47,956.47","$177,583"
Optimism Community Governance Calls (Michael),RetroPGF3,Dec 2023,"47,702.06","$176,641"
Cannon-rs,RetroPGF3,Dec 2023,"47,702.06","$176,641"
LauNaMu,RetroPGF3,Dec 2023,"46,328.63","$171,555"
EtherScore,RetroPGF3,Dec 2023,"46,223.29","$171,165"
Rollup.codes,RetroPGF3,Dec 2023,"46,083.66","$170,648"
OpenOcean,RetroPGF3,Dec 2023,"44,720.68","$165,601"
RetroPGF Hub,RetroPGF3,Dec 2023,"44,720.68","$165,601"
GasHawk,RetroPGF3,Dec 2023,"44,720.68","$165,601"
Flexible Voting,RetroPGF3,Dec 2023,"44,720.68","$165,601"
Token Terminal,RetroPGF3,Dec 2023,"42,987.50","$159,183"
Grandine,RetroPGF3,Dec 2023,"42,236.20","$156,401"
Defi-lab.xyz,RetroPGF3,Dec 2023,"40,084.63","$148,433"
Wildcards Protocol,RetroPGF3,Dec 2023,"39,751.71","$147,201"
Dapp-Learning,RetroPGF3,Dec 2023,"39,751.71","$147,201"
Synthetix IPFS Node,RetroPGF3,Dec 2023,"39,751.71","$147,201"
Venom & Fang,RetroPGF3,Dec 2023,"39,670.22","$146,899"
Buildooor,RetroPGF3,Dec 2023,"39,670.22","$146,899"
Dasy,RetroPGF3,Dec 2023,"38,548.73","$142,746"
WOOFi,RetroPGF3,Dec 2023,"38,223.26","$141,541"
Archly,RetroPGF3,Dec 2023,"38,223.26","$141,541"
Launchcaster,RetroPGF3,Dec 2023,"38,223.26","$141,541"
Across Protocol,RetroPGF3,Dec 2023,"38,223.26","$141,541"
Surreal,RetroPGF3,Dec 2023,"38,223.26","$141,541"
LandTorn - Lorak,RetroPGF3,Dec 2023,"38,223.26","$141,541"
Blockhead: track/visualize/explore all of crypto/DeFi/web3 in ONE interface!,RetroPGF3,Dec 2023,"38,223.26","$141,541"
Cielo,RetroPGF3,Dec 2023,"38,223.26","$141,541"
indexed.xyz,RetroPGF3,Dec 2023,"38,223.26","$141,541"
Iggy Social - Web3 Social for DAOs,RetroPGF3,Dec 2023,"38,223.26","$141,541"
Interface,RetroPGF3,Dec 2023,"38,223.26","$141,541"
rhino.fi,RetroPGF3,Dec 2023,"38,223.26","$141,541"
The Opimist,RetroPGF3,Dec 2023,"38,223.26","$141,541"
PWN DAO,RetroPGF3,Dec 2023,"37,267.23","$138,001"
EIP-4824/ DAOstar,RetroPGF3,Dec 2023,"37,214.56","$137,806"
GoPlus Security,RetroPGF3,Dec 2023,"37,023.75","$137,099"
CryptoStats & CryptoFees.info,RetroPGF3,Dec 2023,"35,451.08","$131,275"
solidity-analyzer,RetroPGF3,Dec 2023,"34,782.75","$128,801"
Mosaic,RetroPGF3,Dec 2023,"34,782.75","$128,801"
Another World,RetroPGF3,Dec 2023,"34,782.75","$128,801"
Vaults.fyi,RetroPGF3,Dec 2023,"34,175.05","$126,550"
Crowdmuse,RetroPGF3,Dec 2023,"32,795.16","$121,440"
hildobby,RetroPGF3,Dec 2023,"32,298.27","$119,600"
Geo Web,RetroPGF3,Dec 2023,"31,801.37","$117,760"
BMX by Morphex,RetroPGF3,Dec 2023,"31,801.37","$117,760"
Revert,RetroPGF3,Dec 2023,"30,479.63","$112,866"
Llama Risk,RetroPGF3,Dec 2023,"30,479.63","$112,866"
CrossAngle (‚ÄúXangle‚Äù),RetroPGF3,Dec 2023,"30,297.76","$112,193"
Optimism Prices Contracts,RetroPGF3,Dec 2023,"30,297.76","$112,193"
Optimism Grant Analytics: Grant3,RetroPGF3,Dec 2023,"30,055.77","$111,297"
Optimystics,RetroPGF3,Dec 2023,"29,813.79","$110,400"
Optimism Grants Changelog,RetroPGF3,Dec 2023,"29,813.79","$110,400"
dm3 protocol.,RetroPGF3,Dec 2023,"29,813.79","$110,400"
ITU Blockchain,RetroPGF3,Dec 2023,"29,813.79","$110,400"
joohhnnn,RetroPGF3,Dec 2023,"29,813.79","$110,400"
Superchain Eco,RetroPGF3,Dec 2023,"29,813.79","$110,400"
Web3bridge,RetroPGF3,Dec 2023,"28,819.99","$106,720"
Kiwi News,RetroPGF3,Dec 2023,"28,318.13","$104,862"
Unitap,RetroPGF3,Dec 2023,"28,318.13","$104,862"
AyaHQ,RetroPGF3,Dec 2023,"28,291.29","$104,763"
Tokepad,RetroPGF3,Dec 2023,"28,179.49","$104,349"
LXDAO,RetroPGF3,Dec 2023,"27,826.20","$103,040"
Copin.io,RetroPGF3,Dec 2023,"27,826.20","$103,040"
Andrew Hong (ilemi),RetroPGF3,Dec 2023,"27,544.96","$101,999"
Gravity DAO,RetroPGF3,Dec 2023,"27,329.30","$101,200"
Summer of Protocols,RetroPGF3,Dec 2023,"27,329.30","$101,200"
Faina,RetroPGF3,Dec 2023,"27,329.30","$101,200"
Mechanism Institute,RetroPGF3,Dec 2023,"27,329.30","$101,200"
MetricsDAO,RetroPGF3,Dec 2023,"26,709.18","$98,904"
ETH Daily (OP News),RetroPGF3,Dec 2023,"25,838.61","$95,680"
Inverter Network,RetroPGF3,Dec 2023,"24,844.82","$92,000"
Sweetman,RetroPGF3,Dec 2023,"24,844.82","$92,000"
Zengo: Decentralized Budget,RetroPGF3,Dec 2023,"24,844.82","$92,000"
FOAM,RetroPGF3,Dec 2023,"24,844.82","$92,000"
MultiBaas blockchain middleware,RetroPGF3,Dec 2023,"24,844.82","$92,000"
Kromatika Finance,RetroPGF3,Dec 2023,"24,844.82","$92,000"
Subli,RetroPGF3,Dec 2023,"24,844.82","$92,000"
Messari,RetroPGF3,Dec 2023,"24,844.82","$92,000"
Baseswap,RetroPGF3,Dec 2023,"24,844.82","$92,000"
Eventcaster,RetroPGF3,Dec 2023,"24,844.82","$92,000"
Josh | The Blockchain Socialist,RetroPGF3,Dec 2023,"24,844.82","$92,000"
0xSalman,RetroPGF3,Dec 2023,"24,790.16","$91,798"
Redacted Research,RetroPGF3,Dec 2023,"24,601.34","$91,099"
Pheasant Network,RetroPGF3,Dec 2023,"24,579.48","$91,018"
0xs34n,RetroPGF3,Dec 2023,"24,357.86","$90,197"
Infinity Wallet,RetroPGF3,Dec 2023,"24,357.86","$90,197"
Synapse Labs,RetroPGF3,Dec 2023,"24,357.86","$90,197"
flink,RetroPGF3,Dec 2023,"24,357.86","$90,197"
Ethereum Mexico,RetroPGF3,Dec 2023,"24,357.86","$90,197"
Brichis,RetroPGF3,Dec 2023,"24,357.86","$90,197"
Bankless Academy,RetroPGF3,Dec 2023,"24,357.86","$90,197"
0xKhmer,RetroPGF3,Dec 2023,"23,807.30","$88,158"
ETHAccra,RetroPGF3,Dec 2023,"23,607.55","$87,419"
Bankless DAO,RetroPGF3,Dec 2023,"23,164.32","$85,777"
Attest Fest,RetroPGF3,Dec 2023,"22,857.24","$84,640"
GreenPill Network,RetroPGF3,Dec 2023,"22,360.34","$82,800"
Invest in Music,RetroPGF3,Dec 2023,"22,360.34","$82,800"
Accessible Education for Web3 Public Goods Changemakers,RetroPGF3,Dec 2023,"22,116.86","$81,899"
ERC-6551 Tooling,RetroPGF3,Dec 2023,"22,116.86","$81,899"
Marko,RetroPGF3,Dec 2023,"22,116.86","$81,899"
Smart Onboarding SDK,RetroPGF3,Dec 2023,"22,116.86","$81,899"
Opti.domains | Connecting Web2&3 with ENS + Attestation,RetroPGF3,Dec 2023,"22,116.86","$81,899"
VitaDAO,RetroPGF3,Dec 2023,"22,116.86","$81,899"
European Crypto Initiative,RetroPGF3,Dec 2023,"21,905.68","$81,117"
Taxman: The Web3 Income Tax Helper,RetroPGF3,Dec 2023,"21,371.52","$79,139"
HER LATAM _ Optimistas Brillando en Blockchain,RetroPGF3,Dec 2023,"21,366.55","$79,120"
Revolte,RetroPGF3,Dec 2023,"20,648.03","$76,460"
valio.xyz,RetroPGF3,Dec 2023,"20,551.64","$76,103"
Optimism University,RetroPGF3,Dec 2023,"19,875.86","$73,600"
WakeUp Labs,RetroPGF3,Dec 2023,"19,875.86","$73,600"
Newtro Arts,RetroPGF3,Dec 2023,"19,875.86","$73,600"
Pin Save - decentralized Pinterest,RetroPGF3,Dec 2023,"19,875.86","$73,600"
Optimism Resource Center,RetroPGF3,Dec 2023,"19,875.86","$73,600"
Titanoboa,RetroPGF3,Dec 2023,"19,875.86","$73,600"
Optimism Guide,RetroPGF3,Dec 2023,"19,875.86","$73,600"
RegenScore,RetroPGF3,Dec 2023,"19,875.86","$73,600"
Parsec Finance,RetroPGF3,Dec 2023,"19,875.86","$73,600"
LATASH√Å,RetroPGF3,Dec 2023,"19,875.86","$73,600"
Web3ForGood,RetroPGF3,Dec 2023,"19,875.86","$73,600"
1W3,RetroPGF3,Dec 2023,"19,875.86","$73,600"
Protofire Blockchain Learning Path,RetroPGF3,Dec 2023,"19,875.86","$73,600"
SpaghettETH,RetroPGF3,Dec 2023,"19,875.86","$73,600"
Remix CC,RetroPGF3,Dec 2023,"19,875.86","$73,600"
Slugs,RetroPGF3,Dec 2023,"19,875.86","$73,600"
Reno,RetroPGF3,Dec 2023,"19,875.86","$73,600"
SEED Latam,RetroPGF3,Dec 2023,"19,875.86","$73,600"
Ethereum Lima,RetroPGF3,Dec 2023,"19,875.86","$73,600"
Yoki Finance,RetroPGF3,Dec 2023,"19,875.86","$73,600"
webOfTrust,RetroPGF3,Dec 2023,"19,875.86","$73,600"
Proof of Integrity,RetroPGF3,Dec 2023,"19,305.92","$71,490"
Gov,RetroPGF3,Dec 2023,"18,471.13","$68,399"
DeFi Africa,RetroPGF3,Dec 2023,"18,429.39","$68,244"
Ivan Molto,RetroPGF3,Dec 2023,"18,236.10","$67,528"
Ethereum Colombia,RetroPGF3,Dec 2023,"17,888.27","$66,240"
Crypto Sapiens,RetroPGF3,Dec 2023,"17,888.27","$66,240"
Keyring,RetroPGF3,Dec 2023,"17,715.35","$65,600"
simple-optimism-node (Maintaining my own fork),RetroPGF3,Dec 2023,"17,391.37","$64,400"
Kairos Research,RetroPGF3,Dec 2023,"17,333.73","$64,187"
raho & tnorm,RetroPGF3,Dec 2023,"17,189.63","$63,653"
criptomommy,RetroPGF3,Dec 2023,"17,142.93","$63,480"
EthereansOS,RetroPGF3,Dec 2023,"16,894.48","$62,560"
JobStash,RetroPGF3,Dec 2023,"16,496.96","$61,088"
Rollup Economics Dune Spell,RetroPGF3,Dec 2023,"14,906.89","$55,200"
Lyra Research Collective,RetroPGF3,Dec 2023,"14,906.89","$55,200"
Eth-Volcano,RetroPGF3,Dec 2023,"14,906.89","$55,200"
Modular Crypto,RetroPGF3,Dec 2023,"14,906.89","$55,200"
Web3xplorer,RetroPGF3,Dec 2023,"14,906.89","$55,200"
Bankless Africa,RetroPGF3,Dec 2023,"14,906.89","$55,200"
Crypto Commons Association,RetroPGF3,Dec 2023,"14,906.89","$55,200"
Gadgeteer (nanobro),RetroPGF3,Dec 2023,"14,906.89","$55,200"
Optimism Espa√±ol,RetroPGF3,Dec 2023,"14,906.89","$55,200"
far.quest,RetroPGF3,Dec 2023,"14,906.89","$55,200"
Carlos Melgar,RetroPGF3,Dec 2023,"14,906.89","$55,200"
ReFi Medell√≠n,RetroPGF3,Dec 2023,"14,906.89","$55,200"
MrCrypto Arabic,RetroPGF3,Dec 2023,"14,906.89","$55,200"
sorryvrerror,RetroPGF3,Dec 2023,"14,906.89","$55,200"
Cryptoversidad,RetroPGF3,Dec 2023,"14,906.89","$55,200"
Kredeum NFTs Factory,RetroPGF3,Dec 2023,"14,906.89","$55,200"
Republik Rupiah,RetroPGF3,Dec 2023,"14,906.89","$55,200"
Randomness Ceremony,RetroPGF3,Dec 2023,"14,820.93","$54,882"
Polynomial Bytes,RetroPGF3,Dec 2023,"13,373.47","$49,522"
RareSkills Book of Zero Knowledge Proofs,RetroPGF3,Dec 2023,"12,697.69","$47,020"
JEFE TOKEN,RetroPGF3,Dec 2023,"12,422.41","$46,000"
CryptoConexi√≥n,RetroPGF3,Dec 2023,"12,422.41","$46,000"
Fractal Visions,RetroPGF3,Dec 2023,"12,422.41","$46,000"
Bored Town NFT art community,RetroPGF3,Dec 2023,"12,422.41","$46,000"
FilosofiaCodigo,RetroPGF3,Dec 2023,"12,422.41","$46,000"
Solow üêΩ,RetroPGF3,Dec 2023,"12,230.61","$45,290"
zerokn0wledge,RetroPGF3,Dec 2023,"11,580.67","$42,883"
OptiChads,RetroPGF3,Dec 2023,"11,428.62","$42,320"
OP Security Council Rehearsal Beta Testers,RetroPGF3,Dec 2023,"11,180.17","$41,400"
Optimism Vision Reservoir,RetroPGF3,Dec 2023,"10,931.72","$40,480"
Bankless Publishing,RetroPGF3,Dec 2023,"10,931.72","$40,480"
Blockchain na Escola,RetroPGF3,Dec 2023,"10,883.03","$40,300"
Optimism T√ºrkiye,RetroPGF3,Dec 2023,"10,448.74","$38,692"
OurNetwork,RetroPGF3,Dec 2023,"10,120.79","$37,477"
CryptoMage,RetroPGF3,Dec 2023,"9,937.93","$36,800"
DeSchool,RetroPGF3,Dec 2023,"9,937.93","$36,800"
Modular Media,RetroPGF3,Dec 2023,"9,937.93","$36,800"
Divergent,RetroPGF3,Dec 2023,"9,937.93","$36,800"
Espacio Cripto,RetroPGF3,Dec 2023,"9,937.93","$36,800"
T2LATAM,RetroPGF3,Dec 2023,"9,937.93","$36,800"
Andino - Talent in technology,RetroPGF3,Dec 2023,"9,937.93","$36,800"
Metagals,RetroPGF3,Dec 2023,"9,937.93","$36,800"
Thesleeper.eth Thai OP Educator,RetroPGF3,Dec 2023,"9,937.93","$36,800"
donnoh.eth,RetroPGF3,Dec 2023,"9,937.93","$36,800"
Rodrigo Nu√±Œûz,RetroPGF3,Dec 2023,"9,937.93","$36,800"
ODTU Blockchain,RetroPGF3,Dec 2023,"9,937.93","$36,800"
Definomics labs,RetroPGF3,Dec 2023,"9,937.93","$36,800"
Cryptomind Research,RetroPGF3,Dec 2023,"9,937.93","$36,800"
OPChainList,RetroPGF3,Dec 2023,"9,937.93","$36,800"
jordanmmck,RetroPGF3,Dec 2023,"9,937.93","$36,800"
DeFI Saint,RetroPGF3,Dec 2023,"9,937.93","$36,800"
Cardo,RetroPGF3,Dec 2023,"9,937.93","$36,800"
Taz,RetroPGF3,Dec 2023,"9,937.93","$36,800"
Inbest Program,RetroPGF3,Dec 2023,"9,937.93","$36,800"
Layer 2 Weekly Roundup,RetroPGF3,Dec 2023,"9,937.93","$36,800"
satorrr,RetroPGF3,Dec 2023,"9,937.93","$36,800"
Learning about OP through Gitcoin Grants,RetroPGF3,Dec 2023,"9,937.93","$36,800"
Awesome Optimism,RetroPGF3,Dec 2023,"9,937.93","$36,800"
Cryptosquare,RetroPGF3,Dec 2023,"9,937.93","$36,800"
bh2smith,RetroPGF3,Dec 2023,"9,937.93","$36,800"
MarcoV,RetroPGF3,Dec 2023,"9,937.93","$36,800"
0xDeFiTH,RetroPGF3,Dec 2023,"8,832.83","$32,708"
CII,RetroPGF3,Dec 2023,"8,447.24","$31,280"
Optimism_CIS,RetroPGF3,Dec 2023,"7,453.45","$27,600"
GiveStation (youbuidl),RetroPGF3,Dec 2023,"7,453.45","$27,600"
ATK,RetroPGF3,Dec 2023,"6,708.10","$24,840"
Bankless Japan,RetroPGF3,Dec 2023,"6,637.54","$24,579"
Bankless Malayalam,RetroPGF3,Dec 2023,"6,459.65","$23,920"
daboyshine,RetroPGF3,Dec 2023,"5,962.76","$22,080"
XomNFT,RetroPGF3,Dec 2023,"5,128.96","$18,993"
Mrfti,RetroPGF3,Dec 2023,"5,128.96","$18,993"
Doris Protocol,RetroPGF3,Dec 2023,"4,968.96","$18,400"
International Media Nodes (IMN),RetroPGF3,Dec 2023,"4,968.96","$18,400"
Pidgin Parlour,RetroPGF3,Dec 2023,"4,968.96","$18,400"
The Rollup,RetroPGF3,Dec 2023,"4,968.96","$18,400"
ruslanklinkov,RetroPGF3,Dec 2023,"4,968.96","$18,400"
geleeroyale,RetroPGF3,Dec 2023,"4,968.96","$18,400"
DeFi France,RetroPGF3,Dec 2023,"4,968.96","$18,400"
Encriptados,RetroPGF3,Dec 2023,"4,968.96","$18,400"
KudasaiJP,RetroPGF3,Dec 2023,"4,968.96","$18,400"
Alpha Insiders,RetroPGF3,Dec 2023,"4,968.96","$18,400"
CryptoDuck,RetroPGF3,Dec 2023,"4,968.96","$18,400"
ilyessghz,RetroPGF3,Dec 2023,"4,968.96","$18,400"
BanklessDAO Turkish,RetroPGF3,Dec 2023,"4,968.96","$18,400"
Nacion Bankless,RetroPGF3,Dec 2023,"4,968.96","$18,400"
Onboard en Per√∫ Optimistas e Indexer,RetroPGF3,Dec 2023,"4,968.96","$18,400"
Bankless Bengali,RetroPGF3,Dec 2023,"4,968.96","$18,400"
cryptolawyer,RetroPGF3,Dec 2023,"4,968.96","$18,400"
OptimismArabia,RetroPGF3,Dec 2023,"4,968.96","$18,400"
Hitasyurek,RetroPGF3,Dec 2023,"4,968.96","$18,400"
ZEFIRIUM,RetroPGF3,Dec 2023,"4,968.96","$18,400"
First NFT Agency,RetroPGF3,Dec 2023,"4,968.96","$18,400"
Cryptoast,RetroPGF3,Dec 2023,"4,968.96","$18,400"
Castle Capital,RetroPGF3,Dec 2023,"4,968.96","$18,400"
BanklessUA,RetroPGF3,Dec 2023,"4,968.96","$18,400"
Basic course in blockchain and crypto literacy,RetroPGF3,Dec 2023,"4,968.96","$18,400"
Xanny,RetroPGF3,Dec 2023,"4,968.96","$18,400"
Blocktrend (ÂçÄÂ°äÂã¢),RetroPGF3,Dec 2023,"4,968.96","$18,400"
KManuS88,RetroPGF3,Dec 2023,"4,968.96","$18,400"
Defy Foundation,RetroPGF3,Dec 2023,"4,968.96","$18,400"
Banklessadria,RetroPGF3,Dec 2023,"4,968.96","$18,400"
RoOptimism,RetroPGF3,Dec 2023,"4,968.96","$18,400"
Bankless DAO Magyar ( Hungarian ),RetroPGF3,Dec 2023,"4,968.96","$18,400"
BitcoinAddict Thailand,RetroPGF3,Dec 2023,"4,968.96","$18,400"
web3made,RetroPGF3,Dec 2023,"4,968.96","$18,400"
Bedrock Contracts Architecture Diagram,RetroPGF3,Dec 2023,"4,968.96","$18,400"
ProMint,RetroPGF3,Dec 2023,"4,968.96","$18,400"
Revelo Intel,RetroPGF3,Dec 2023,"4,968.96","$18,400"
Findcaster,RetroPGF3,Dec 2023,"4,968.96","$18,400"
Kaito/CoffeeTimes,RetroPGF3,Dec 2023,"4,968.96","$18,400"
MyFirstLayer2,RetroPGF3,Dec 2023,"4,968.96","$18,400"
KryptoSpace,RetroPGF3,Dec 2023,"4,223.62","$15,640"
Lemon,RetroPGF3,Dec 2023,"2,732.93","$10,120"
Cryptola,RetroPGF3,Dec 2023,"2,732.93","$10,120"
Peter Priew Sommon,RetroPGF3,Dec 2023,"1,987.59","$7,360"
OptimismCIS,RetroPGF3,Dec 2023,"1,987.59","$7,360"
Bob,RetroPGF3,Dec 2023,"1,987.59","$7,360"
Layer3,RetroPGF4,May 2024,500000,"$1,227,500"
Zora,RetroPGF4,May 2024,500000,"$1,227,500"
LI.FI,RetroPGF4,May 2024,481556.2,"$1,182,220"
Stargate Finance,RetroPGF4,May 2024,426708.1,"$1,047,568"
ODOS,RetroPGF4,May 2024,359091.2,"$881,569"
0x Protocol,RetroPGF4,May 2024,349239.5,"$857,383"
Sound.xyz,RetroPGF4,May 2024,276764.7,"$679,457"
Synthetix,RetroPGF4,May 2024,256650.1,"$630,076"
Account Abstraction - ERC-4337,RetroPGF4,May 2024,227800.2,"$559,249"
Aerodrome Finance,RetroPGF4,May 2024,219455.8,"$538,764"
Sushiswap,RetroPGF4,May 2024,175529.8,"$430,926"
Kwenta,RetroPGF4,May 2024,167055.3,"$410,121"
Perp V2 - Curie,RetroPGF4,May 2024,159562.3,"$391,725"
Dmail Network,RetroPGF4,May 2024,156095.4,"$383,214"
LayerZero,RetroPGF4,May 2024,"144,549.90","$354,870"
Ionic Protocol,RetroPGF4,May 2024,143820.6,"$353,080"
Boost,RetroPGF4,May 2024,140782.4,"$345,621"
Party.app + Party Protocol,RetroPGF4,May 2024,139571.8,"$342,649"
Synapse Protocol,RetroPGF4,May 2024,138120.2,"$339,085"
Aave,RetroPGF4,May 2024,137982,"$338,746"
Seamless Protocol,RetroPGF4,May 2024,129822.5,"$318,714"
Velodrome Finance,RetroPGF4,May 2024,121073.9,"$297,236"
Rainbow (Rainbow Router),RetroPGF4,May 2024,119144.9,"$292,501"
WOOFi,RetroPGF4,May 2024,116271.1,"$285,446"
Holograph Foundation,RetroPGF4,May 2024,113944,"$279,733"
Kim Exchange,RetroPGF4,May 2024,111197.1,"$272,989"
deBridge,RetroPGF4,May 2024,109625,"$269,129"
NFTs2Me,RetroPGF4,May 2024,96867.3,"$237,809"
far.quest - Farcaster Super App,RetroPGF4,May 2024,94371,"$231,681"
Manifold,RetroPGF4,May 2024,86356.4,"$212,005"
Zerion,RetroPGF4,May 2024,83042.3,"$203,869"
Highlight,RetroPGF4,May 2024,83003.2,"$203,773"
Maverick Protocol,RetroPGF4,May 2024,81776.4,"$200,761"
Moonwell,RetroPGF4,May 2024,80156.8,"$196,785"
Tarot,RetroPGF4,May 2024,79151.9,"$194,318"
LogX,RetroPGF4,May 2024,77004.3,"$189,046"
fxhash,RetroPGF4,May 2024,75952.9,"$186,464"
Paragraph,RetroPGF4,May 2024,75342.8,"$184,967"
Across Protocol,RetroPGF4,May 2024,73919,"$181,471"
Basepaint,RetroPGF4,May 2024,71569.5,"$175,703"
Gitcoin Passport,RetroPGF4,May 2024,69078,"$169,586"
RubyScore,RetroPGF4,May 2024,67262.1,"$165,128"
Compound Finance,RetroPGF4,May 2024,65940.1,"$161,883"
Decent.xyz,RetroPGF4,May 2024,62948.9,"$154,540"
Zeronym,RetroPGF4,May 2024,61100.6,"$150,002"
Multicall3,RetroPGF4,May 2024,59711.2,"$146,591"
BaseSwap,RetroPGF4,May 2024,56990,"$139,910"
Extra Finance,RetroPGF4,May 2024,55862.9,"$137,143"
Owlto Finance,RetroPGF4,May 2024,55495.2,"$136,241"
Thales Protocol,RetroPGF4,May 2024,54808.5,"$134,555"
ParaSwap,RetroPGF4,May 2024,54431.7,"$133,630"
Supswap,RetroPGF4,May 2024,54348.6,"$133,426"
Balancer,RetroPGF4,May 2024,52330.9,"$128,472"
pods.media,RetroPGF4,May 2024,51574,"$126,614"
CyberConnect Protocol,RetroPGF4,May 2024,50167,"$123,160"
Sonne Finance,RetroPGF4,May 2024,48482.2,"$119,024"
OpenOcean,RetroPGF4,May 2024,48285.8,"$118,542"
Multicaller,RetroPGF4,May 2024,47046.3,"$115,499"
Orderly Network,RetroPGF4,May 2024,44090.4,"$108,242"
Ethereum Attestation Service (EAS),RetroPGF4,May 2024,44061,"$108,170"
Superfluid,RetroPGF4,May 2024,43937.5,"$107,867"
$ENJOY,RetroPGF4,May 2024,43177.8,"$106,001"
iZUMi Finance,RetroPGF4,May 2024,41589.8,"$102,103"
Smol,RetroPGF4,May 2024,41299.1,"$101,389"
Coinvise,RetroPGF4,May 2024,40795.7,"$100,153"
Hyperlane,RetroPGF4,May 2024,39276.4,"$96,424"
SwapMode,RetroPGF4,May 2024,39167.9,"$96,157"
XSwap,RetroPGF4,May 2024,38578,"$94,709"
BLOCKS,RetroPGF4,May 2024,38468.1,"$94,439"
Avantis,RetroPGF4,May 2024,37664.1,"$92,465"
Phi,RetroPGF4,May 2024,36884.7,"$90,552"
Gitcoin,RetroPGF4,May 2024,36226.8,"$88,937"
Overnight Finance,RetroPGF4,May 2024,36109.5,"$88,649"
Alien Base,RetroPGF4,May 2024,32893,"$80,752"
Ironclad Finance,RetroPGF4,May 2024,32877.4,"$80,714"
Builder Protocol,RetroPGF4,May 2024,31748.6,"$77,943"
Reserve Protocol,RetroPGF4,May 2024,30868.8,"$75,783"
Beefy,RetroPGF4,May 2024,29956.7,"$73,544"
Gloom,RetroPGF4,May 2024,29452.8,"$72,307"
Ham,RetroPGF4,May 2024,28272.3,"$69,408"
Bored Town,RetroPGF4,May 2024,28157.4,"$69,126"
Wormhole Foundation,RetroPGF4,May 2024,28129.7,"$69,058"
L2Pass,RetroPGF4,May 2024,27255.3,"$66,912"
NFT HOOK,RetroPGF4,May 2024,27168,"$66,697"
Gamma,RetroPGF4,May 2024,27117.9,"$66,574"
SwapBased,RetroPGF4,May 2024,26670.6,"$65,476"
Catalog Radio,RetroPGF4,May 2024,26499.4,"$65,056"
Hedgey,RetroPGF4,May 2024,26414.3,"$64,847"
Sturdy,RetroPGF4,May 2024,24878.9,"$61,078"
Guild.xyz,RetroPGF4,May 2024,24870.6,"$61,057"
Router Protocol,RetroPGF4,May 2024,23502.2,"$57,698"
MiniBridge,RetroPGF4,May 2024,23354.9,"$57,336"
Splits,RetroPGF4,May 2024,23349.7,"$57,324"
Hypersub,RetroPGF4,May 2024,22893.1,"$56,203"
Speedtracer,RetroPGF4,May 2024,20724.5,"$50,879"
Omni X,RetroPGF4,May 2024,20579.8,"$50,523"
BMX by Morphex,RetroPGF4,May 2024,19870.8,"$48,783"
ÓÅûÂ∫ä BuidlGuidl,RetroPGF4,May 2024,18631.5,"$45,740"
sudoswap,RetroPGF4,May 2024,18408.5,"$45,193"
DackieSwap,RetroPGF4,May 2024,18251,"$44,806"
Loot2,RetroPGF4,May 2024,18164.3,"$44,593"
Guac (Farcaster),RetroPGF4,May 2024,18101.7,"$44,440"
Slice,RetroPGF4,May 2024,17877.5,"$43,889"
Let's Get HAI,RetroPGF4,May 2024,17550.6,"$43,087"
PoolTogether,RetroPGF4,May 2024,17490.5,"$42,939"
Lido Finance,RetroPGF4,May 2024,16873.7,"$41,425"
Equalizer,RetroPGF4,May 2024,15736.6,"$38,633"
EthXY,RetroPGF4,May 2024,15224.3,"$37,376"
Omnisea,RetroPGF4,May 2024,14418.9,"$35,398"
Coordinape,RetroPGF4,May 2024,14254.2,"$34,994"
Polynomial Trade,RetroPGF4,May 2024,"13,996.50","$34,361"
TITLES,RetroPGF4,May 2024,13867.8,"$34,045"
Pika Protocol,RetroPGF4,May 2024,13662.7,"$33,542"
BSX,RetroPGF4,May 2024,13521.8,"$33,196"
Linkdrop,RetroPGF4,May 2024,12889.8,"$31,644"
ModeChat.xyz | Onchain Social on Mode,RetroPGF4,May 2024,12790.3,"$31,400"
doginme memecoin,RetroPGF4,May 2024,12759.2,"$31,324"
Keng Lernitas,RetroPGF4,May 2024,11791.6,"$28,948"
Biconomy,RetroPGF4,May 2024,11193.5,"$27,480"
tanX - The World's Leading Institutional DEX,RetroPGF4,May 2024,11014.4,"$27,040"
NiftyKit,RetroPGF4,May 2024,10976.9,"$26,948"
Zerius,RetroPGF4,May 2024,10797.8,"$26,509"
dHEDGE,RetroPGF4,May 2024,10456.2,"$25,670"
Get Mint,RetroPGF4,May 2024,"10,216.70","$25,082"
Morkie,RetroPGF4,May 2024,9635.4,"$23,655"
Metronome,RetroPGF4,May 2024,9590.2,"$23,544"
DefiLlama,RetroPGF4,May 2024,9256,"$22,723"
Opti.Domains,RetroPGF4,May 2024,9070.1,"$22,267"
Exactly Protocol,RetroPGF4,May 2024,8700.7,"$21,360"
Virtuals Protocol,RetroPGF4,May 2024,8506.5,"$20,883"
Revert,RetroPGF4,May 2024,8448.2,"$20,740"
Aura Finance,RetroPGF4,May 2024,8408.6,"$20,643"
TLX,RetroPGF4,May 2024,8250.3,"$20,254"
PRINT3R,RetroPGF4,May 2024,8219.3,"$20,178"
Circle.tech,RetroPGF4,May 2024,7983.3,"$19,599"
Pheasant Network,RetroPGF4,May 2024,7486.3,"$18,379"
Noggles ($NOGS),RetroPGF4,May 2024,7402.5,"$18,173"
Blob Farm,RetroPGF4,May 2024,7234.8,"$17,761"
ÓÅûËçò King of the Degens ÓÅûËá™ - Farcaster Frame Game,RetroPGF4,May 2024,7058.2,"$17,328"
Velocimeter/Graphene,RetroPGF4,May 2024,6932.1,"$17,018"
Streameth,RetroPGF4,May 2024,6742.8,"$16,554"
Nogem,RetroPGF4,May 2024,6739.6,"$16,546"
Harvest Finance,RetroPGF4,May 2024,6684.7,"$16,411"
Onchain Blobs - Randomly generated onchain blobs minted via a Farcaster frame,RetroPGF4,May 2024,6614.5,"$16,239"
3DNS,RetroPGF4,May 2024,6338.5,"$15,561"
MYSTCL ($MYST),RetroPGF4,May 2024,6301,"$15,469"
Slugs,RetroPGF4,May 2024,6245.6,"$15,333"
DackieNFT,RetroPGF4,May 2024,6208.4,"$15,242"
OmniHub,RetroPGF4,May 2024,6093,"$14,958"
Unlonely,RetroPGF4,May 2024,5914.6,"$14,520"
Arcadia Finance,RetroPGF4,May 2024,5743.8,"$14,101"
Vesper Finance,RetroPGF4,May 2024,5121.4,"$12,573"
OptiChads NFT Community,RetroPGF4,May 2024,5080.7,"$12,473"
Whale,RetroPGF4,May 2024,5010,"$12,300"
QiDao - Mai.Finance,RetroPGF4,May 2024,4952.3,"$12,158"
Copin.io,RetroPGF4,May 2024,4940.5,"$12,129"
Pixotchi,RetroPGF4,May 2024,4861.2,"$11,934"
Infusion,RetroPGF4,May 2024,4834.9,"$11,870"
Kiwi News,RetroPGF4,May 2024,4805.2,"$11,797"
Clipper DEX,RetroPGF4,May 2024,4673.8,"$11,474"
The Open X Project,RetroPGF4,May 2024,4530.9,"$11,123"
Crowdmuse,RetroPGF4,May 2024,4416.9,"$10,843"
Receipts,RetroPGF4,May 2024,4416.6,"$10,843"
Whimsical Euphoria: A White Inflatable Sheep,RetroPGF4,May 2024,4307.9,"$10,576"
Giveth,RetroPGF4,May 2024,4295.4,"$10,545"
RMRK,RetroPGF4,May 2024,4112.1,"$10,095"
Hats Protocol,RetroPGF4,May 2024,4090.2,"$10,041"
Portals,RetroPGF4,May 2024,3860.8,"$9,478"
Umbra,RetroPGF4,May 2024,3850.8,"$9,454"
Basic Dog Meme,RetroPGF4,May 2024,3672.4,"$9,016"
Idle,RetroPGF4,May 2024,3559.5,"$8,739"
Your Brians,RetroPGF4,May 2024,3521,"$8,644"
Scry Protocol,RetroPGF4,May 2024,3493.8,"$8,577"
PAWS Wildlife Room Onchain Vote in a Frame,RetroPGF4,May 2024,3403.8,"$8,356"
Bodhi,RetroPGF4,May 2024,3399.6,"$8,346"
HOMES,RetroPGF4,May 2024,3334.9,"$8,187"
zkBob smart contract privacy wallet,RetroPGF4,May 2024,3206.5,"$7,872"
Union,RetroPGF4,May 2024,3183.5,"$7,815"
Gangster Arena,RetroPGF4,May 2024,3153.5,"$7,742"
Wombat Exchange,RetroPGF4,May 2024,3073.4,"$7,545"
Base on Rarible,RetroPGF4,May 2024,3021.2,"$7,417"
Drakula.app,RetroPGF4,May 2024,2982.6,"$7,322"
Daimo,RetroPGF4,May 2024,2808,"$6,894"
Ethos Reserve,RetroPGF4,May 2024,2805.3,"$6,887"
Mintify,RetroPGF4,May 2024,2683.3,"$6,588"
UNCX Network,RetroPGF4,May 2024,2416.5,"$5,933"
Mochimons,RetroPGF4,May 2024,2407.9,"$5,911"
Liquidify,RetroPGF4,May 2024,2337.8,"$5,739"
Alchemix,RetroPGF4,May 2024,2337.2,"$5,738"
ORA Onchain AI Oracle on Optimism,RetroPGF4,May 2024,2297.9,"$5,641"
Summer.fi,RetroPGF4,May 2024,2239.2,"$5,497"
Astaria,RetroPGF4,May 2024,2238.8,"$5,496"
Based Onchain Dinos,RetroPGF4,May 2024,2178.4,"$5,348"
Trash NFTs,RetroPGF4,May 2024,2010.6,"$4,936"
Crypto Composite,RetroPGF4,May 2024,1826.8,"$4,485"
builder.fi,RetroPGF4,May 2024,1776.9,"$4,362"
Tokepad,RetroPGF4,May 2024,1700.7,"$4,175"
ZKP2P,RetroPGF4,May 2024,1619.8,"$3,977"
Aragon,RetroPGF4,May 2024,1560.7,"$3,832"
Unitap,RetroPGF4,May 2024,1540.7,"$3,782"
/send,RetroPGF4,May 2024,1392.8,"$3,419"
PiraNFT,RetroPGF4,May 2024,1386.9,"$3,405"
IntentX,RetroPGF4,May 2024,1262,"$3,098"
Egg Wars: A Game on Base,RetroPGF4,May 2024,1245.5,"$3,058"
BaseDoge,RetroPGF4,May 2024,1165.7,"$2,862"
Cygnus Finance,RetroPGF4,May 2024,1145,"$2,811"
Pyth Network,RetroPGF4,May 2024,1095.8,"$2,690"
go-ethereum,RetroPGF 5,Aug 2024,"234,544.68","$332,350"
Protocol Guild,RetroPGF 5,Aug 2024,"223,384.19","$316,535"
Solidity,RetroPGF 5,Aug 2024,"204,725.25","$290,096"
Conduit OP Stack Contributions,RetroPGF 5,Aug 2024,"173,764.96","$246,225"
Account Abstraction - ERC-4337,RetroPGF 5,Aug 2024,"163,047.79","$231,039"
OP Reth,RetroPGF 5,Aug 2024,"160,975.55","$228,102"
Kurtosis optimism package,RetroPGF 5,Aug 2024,"155,951.75","$220,984"
Nethermind Ethereum Execution Client,RetroPGF 5,Aug 2024,"155,898.10","$220,908"
go-libp2p,RetroPGF 5,Aug 2024,"144,461.28","$204,702"
OP Nethermind,RetroPGF 5,Aug 2024,"141,374.50","$200,328"
Sedge,RetroPGF 5,Aug 2024,"140,781.79","$199,488"
Erigon,RetroPGF 5,Aug 2024,"139,506.13","$197,680"
Lighthouse,RetroPGF 5,Aug 2024,"139,506.13","$197,680"
Ethereum Attestation Service (EAS),RetroPGF 5,Aug 2024,"132,268.50","$187,424"
Asterisc,RetroPGF 5,Aug 2024,"132,114.17","$187,206"
Revm,RetroPGF 5,Aug 2024,"131,833.29","$186,808"
Delta Network Upgrade,RetroPGF 5,Aug 2024,"130,725.11","$185,237"
OP Erigon,RetroPGF 5,Aug 2024,"129,644.74","$183,707"
Rollup-as-a-Service Platform,RetroPGF 5,Aug 2024,"124,577.52","$176,526"
ethereumjs-monorepo,RetroPGF 5,Aug 2024,"124,160.46","$175,935"
OP Succinct: Full ZK Validity Proving of OP Stack Rollups with SP1,RetroPGF 5,Aug 2024,"123,471.18","$174,959"
TechNERDs Program,RetroPGF 5,Aug 2024,"121,704.42","$172,455"
Vyper,RetroPGF 5,Aug 2024,"121,021.57","$171,488"
Besu,RetroPGF 5,Aug 2024,"121,021.57","$171,488"
roll-op,RetroPGF 5,Aug 2024,"119,750.72","$169,687"
Maintaining simple-optimism-node,RetroPGF 5,Aug 2024,"114,923.91","$162,847"
AWS KMS and YubiHSM signer for OP Stack,RetroPGF 5,Aug 2024,"111,246.35","$157,636"
Code4rena,RetroPGF 5,Aug 2024,"107,882.95","$152,870"
Nimbus,RetroPGF 5,Aug 2024,"106,024.66","$150,237"
Upnode Deploy,RetroPGF 5,Aug 2024,"103,201.67","$146,237"
Lodestar,RetroPGF 5,Aug 2024,"102,362.62","$145,048"
Fault Dispute Game Audit Contest,RetroPGF 5,Aug 2024,"100,320.34","$142,154"
Permissionless ZK Fault Proof System,RetroPGF 5,Aug 2024,"97,542.23","$138,217"
Formal Verification of Optimism's L1 pausability mechanism,RetroPGF 5,Aug 2024,"96,461.86","$136,686"
One-click bare metal node deployment,RetroPGF 5,Aug 2024,"95,616.70","$135,489"
Solady,RetroPGF 5,Aug 2024,"95,072.81","$134,718"
hildr,RetroPGF 5,Aug 2024,"94,609.79","$134,062"
op-besu,RetroPGF 5,Aug 2024,"94,146.78","$133,406"
Rust Libp2p,RetroPGF 5,Aug 2024,"93,469.11","$132,446"
Fault Proofs security research,RetroPGF 5,Aug 2024,"92,603.39","$131,219"
Node Guardians,RetroPGF 5,Aug 2024,"91,939.13","$130,278"
1-Click Price Oracle,RetroPGF 5,Aug 2024,"89,825.29","$127,282"
Builderism,RetroPGF 5,Aug 2024,"89,180.96","$126,369"
Derive (Formerly Lyra) OP Custom Gas Limit Research,RetroPGF 5,Aug 2024,"89,053.59","$126,189"
Cantina.xyz - OP Stack,RetroPGF 5,Aug 2024,"88,436.23","$125,314"
Dappnode,RetroPGF 5,Aug 2024,"87,191.33","$123,550"
Redprint,RetroPGF 5,Aug 2024,"86,652.63","$122,787"
RaaS and Restaking for OP Stack rollups,RetroPGF 5,Aug 2024,"86,307.86","$122,298"
Optimism Collective and OP Stack Documentation Improvements,RetroPGF 5,Aug 2024,"83,434.76","$118,227"
Ethereum on ARM,RetroPGF 5,Aug 2024,"83,354.91","$118,114"
Feasibility study for Front-running protection via shielded mempool for the OP Stack using threshold encryption,RetroPGF 5,Aug 2024,"81,027.96","$114,817"
Asphere Rollup-as-a-Service,RetroPGF 5,Aug 2024,"80,446.74","$113,993"
blob-archiver-rs,RetroPGF 5,Aug 2024,"77,941.18","$110,443"
Research and development on multi-section fault dispute game,RetroPGF 5,Aug 2024,"77,169.49","$109,349"
js-libp2p,RetroPGF 5,Aug 2024,"76,379.61","$108,230"
Native Account Abstraction on OP Stack,RetroPGF 5,Aug 2024,"76,089.12","$107,818"
OP STACK DEPLOYER,RetroPGF 5,Aug 2024,"74,240.85","$105,199"
Understanding-Optimism-Codebase,RetroPGF 5,Aug 2024,"71,137.90","$100,802"
Alt-DA Server & Translation Hub,RetroPGF 5,Aug 2024,"70,995.93","$100,601"
Act,RetroPGF 5,Aug 2024,"70,101.83","$99,334"
Sherlock,RetroPGF 5,Aug 2024,"70,069.90","$99,289"
jvm-libp2p,RetroPGF 5,Aug 2024,"69,753.07","$98,840"
Fe Language,RetroPGF 5,Aug 2024,"69,753.07","$98,840"
Rust KZG,RetroPGF 5,Aug 2024,"69,753.07","$98,840"
The book of optimism fault proof,RetroPGF 5,Aug 2024,"69,528.97","$98,523"
Deployment of the Shutterized Optimism (SHOP) testnet with the SHOP SDK.,RetroPGF 5,Aug 2024,"67,909.15","$96,227"
Blocknative Blob Archive and Research,RetroPGF 5,Aug 2024,"67,311.71","$95,381"
Zeeve RaaS for OP Stack,RetroPGF 5,Aug 2024,"66,426.02","$94,126"
RIG Ethereum Core Research,RetroPGF 5,Aug 2024,"64,172.82","$90,933"
OPcity stack,RetroPGF 5,Aug 2024,"62,661.63","$88,792"
nim-libp2p,RetroPGF 5,Aug 2024,"62,603.38","$88,709"
Immunefi Bug Bounty Platform,RetroPGF 5,Aug 2024,"62,507.29","$88,573"
opUSDC,RetroPGF 5,Aug 2024,"60,192.20","$85,292"
Hermes - a GossipSub listener and tracer for libp2p-based networks.,RetroPGF 5,Aug 2024,"57,720.66","$81,790"
Grandine,RetroPGF 5,Aug 2024,"56,325.60","$79,813"
quic-go,RetroPGF 5,Aug 2024,"55,104.92","$78,084"
Ethereum POS Testnet,RetroPGF 5,Aug 2024,"52,314.80","$74,130"
Smoo.th Cryptolib,RetroPGF 5,Aug 2024,"52,314.80","$74,130"
An indepedent ethereum execution client contributor,RetroPGF 5,Aug 2024,"36,969.12","$52,385"
Uniswap V3,Cycle1,Jun 2022,"1,000,000.00","$1,130,000"
Oneinch,Cycle1,Jun 2022,"300,000.00","$339,000"
Celer,Cycle1,Jun 2022,"1,000,000.00","$1,130,000"
Aave,Cycle1,Jun 2022,"300,000.00","$339,000"
Chainlink,Cycle1,Jun 2022,"1,000,000.00","$1,130,000"
Polynomial Protocol,Cycle1,Jun 2022,"900,000.00","$1,017,000"
0x,Cycle1,Jun 2022,"300,000.00","$339,000"
Aelin,Cycle1,Jun 2022,"900,000.00","$1,017,000"
Slingshot,Cycle1,Jun 2022,"300,000.00","$339,000"
Wepiggy,Cycle1,Jun 2022,"300,000.00","$339,000"
Thales,Cycle1,Jun 2022,"900,000.00","$1,017,000"
Pika Protocol,Cycle1,Jun 2022,"900,000.00","$1,017,000"
Layer2dao,Cycle1,Jun 2022,"300,000.00","$339,000"
Synthetix,Cycle1,Jun 2022,"9,000,000.00","$10,170,000"
Clipper,Cycle1,Jun 2022,"300,000.00","$339,000"
Zipswap,Cycle1,Jun 2022,"900,000.00","$1,017,000"
Kwenta,Cycle1,Jun 2022,"900,000.00","$1,017,000"
Hop Protocol,Cycle1,Jun 2022,"1,000,000.00","$1,130,000"
Synapse,Cycle1,Jun 2022,"1,000,000.00","$1,130,000"
Connext,Cycle1,Jun 2022,"300,000.00","$339,000"
Rubicon,Cycle1,Jun 2022,"900,000.00","$1,017,000"
Gelato,Cycle1,Jun 2022,"300,000.00","$339,000"
Stargate Finance,Cycle1,Jun 2022,"1,000,000.00","$1,130,000"
Lyra V1,Cycle1,Jun 2022,"3,000,000.00","$3,390,000"
Perpetual Protocol,Cycle1,Jun 2022,"9,000,000.00","$10,170,000"
dForce,Cycle2,Aug 2022,"300,000.00","$339,000"
Mean Finance,Cycle2,Aug 2022,"300,000.00","$339,000"
Balancer & BeethovenX,Cycle2,Aug 2022,"500,000.00","$565,000"
WardenSwap,Cycle2,Aug 2022,"300,000.00","$339,000"
Pickle Finance,Cycle2,Aug 2022,"200,000.00","$226,000"
ParaSwap,Cycle2,Aug 2022,"450,000.00","$508,500"
Rotki,Cycle2,Aug 2022,"190,770.00","$215,570"
Candide Wallet,Cycle2,Aug 2022,"190,000.00","$214,700"
Superfluid,Cycle3,Aug 2022,"150,000.00","$169,500"
Hundred Finance,Cycle3,Aug 2022,"300,000.00","$339,000"
Biconomy,Cycle3,Aug 2022,"750,000.00","$847,500"
Rocket Pool,Cycle4,Aug 2022,"600,000.00","$678,000"
Boardroom,Cycle4,Aug 2022,"100,000.00","$113,000"
xToken Terminal and Gamma Strategies,Cycle4,Aug 2022,"900,000.00","$1,017,000"
Beefy Finance,Cycle4,Aug 2022,"650,000.00","$734,500"
QiDao,Cycle4,Aug 2022,"750,000.00","$847,500"
dHEDGE DAO,Cycle6,Sep 2022,"350,000.00","$318,500"
Across Protocol,Cycle6,Sep 2022,"750,000.00","$682,500"
Bankless Academy v2,Cycle6,Sep 2022,"33,000.00","$30,030"
Revert Compoundor,Cycle6,Sep 2022,"240,000.00","$218,400"
Kromatika,Cycle6,Sep 2022,"300,000.00","$273,000"
OptiChads,Cycle6,Sep 2022,"50,000.00","$45,500"
Interest Protocol 2,Cycle6,Sep 2022,"31,764.00","$28,905"
Overtime Markets,Cycle7,Oct 2022,"300,000","$310,500"
Sushiswap,Cycle7,Oct 2022,"504,000","$521,640"
Tarot,Cycle7,Oct 2022,"540,000","$558,900"
Dope Wars,Cycle7,Oct 2022,"300,000","$310,500"
Otterspace,Cycle7,Oct 2022,"50,000","$51,750"
Rainbow Wallet,Cycle7,Oct 2022,"420,069","$434,771"
Karma Dashboard,Cycle7,Oct 2022,"10,000","$10,350"
Karma Discourse,Cycle7,Oct 2022,"15,000","$15,525"
Safe,Cycle7,Oct 2022,"500,000","$517,500"
LI.FI,Cycle7,Oct 2022,"200,000","$207,000"
Yearn,Cycle7,Oct 2022,"1,000,000","$1,035,000"
Alchemix,Cycle8,Nov 2022,"250,000","$250,500"
Angle,Cycle8,Nov 2022,"250,000","$250,500"
InsureDAO,Cycle8,Nov 2022,"100,000","$100,200"
Curve,Cycle8,Nov 2022,"504,828","$505,838"
PoolTogether,Cycle8,Nov 2022,"550,000","$551,100"
Overnight.fi,Cycle8,Nov 2022,"400,000","$400,800"
Socket,Cycle8,Nov 2022,"500,000","$501,000"
EthernautDAO,Cycle8,Nov 2022,"120,000","$120,240"
Tally Ho ,Cycle8,Nov 2022,"400,000","$400,800"
DefiLlama,Cycle8,Nov 2022,"300,000","$300,600"
Agora,Cycle8,Nov 2022,"50,000","$50,100"
Mochi,Cycle8,Nov 2022,"100,000","$100,200"
Velodrome,Cycle8,Nov 2022,"4,000,000","$4,008,000"
Atomic Links,Cycle10,Feb 2023,"50,000","$135,050"
Attestation Station Interface,Cycle10,Feb 2023,"20,000","$54,020"
Clique,Cycle10,Feb 2023,"25,000","$67,525"
DeFunds,Cycle10,Feb 2023,"2,500","$6,753"
Edge Wallet,Cycle10,Feb 2023,"50,000","$135,050"
ENS Wildcard Domains,Cycle10,Feb 2023,"45,000","$121,545"
Front running protection,Cycle10,Feb 2023,"30,000","$81,030"
Karma delegate registry,Cycle10,Feb 2023,"50,000","$135,050"
Metronomo,Cycle10,Feb 2023,"22,500","$60,773"
Rotki,Cycle10,Feb 2023,"40,000","$108,040"
Crypto LDFM,Cycle10,Feb 2023,"10,000","$27,010"
KyberSwap,Cycle10,Feb 2023,"250,000","$675,250"
Mux,Cycle10,Feb 2023,"250,000","$675,250"
Nested,Cycle10,Feb 2023,"250,000","$675,250"
Parcel,Cycle10,Feb 2023,"150,000","$405,150"
Premia,Cycle10,Feb 2023,"235,000","$634,735"
Rubicon,Cycle10,Feb 2023,"200,000","$540,200"
Sonne Finance,Cycle10,Feb 2023,"250,000","$675,250"
Thales,Cycle10,Feb 2023,"250,000","$675,250"
The Optimistic Series,Cycle10,Feb 2023,"30,000","$81,030"
Via Protocol,Cycle10,Feb 2023,"250,000","$675,250"
Airgap Wallet,Cycle11,Mar 2023,"18,000","$41,184"
Chaintrap,Cycle11,Mar 2023,"10,000","$22,880"
CharmVerse,Cycle11,Mar 2023,"50,000","$114,400"
DeNotify,Cycle11,Mar 2023,"25,000","$57,200"
dm3 Protocol,Cycle11,Mar 2023,"50,000","$114,400"
Footprint Analytics,Cycle11,Mar 2023,"30,000","$68,640"
Herodotus,Cycle11,Mar 2023,"50,000","$114,400"
Infinity Keys,Cycle11,Mar 2023,"25,000","$57,200"
Inverter,Cycle11,Mar 2023,"50,000","$114,400"
JiffyScan,Cycle11,Mar 2023,"46,000","$105,248"
Opti.domains,Cycle11,Mar 2023,"50,000","$114,400"
Synpress,Cycle11,Mar 2023,"50,000","$114,400"
Another World,Cycle11,Mar 2023,"50,000","$114,400"
Bored Town,Cycle11,Mar 2023,"50,000","$114,400"
dForce,Cycle11,Mar 2023,"200,000","$457,600"
Fairmint,Cycle11,Mar 2023,"250,000","$572,000"
Geo Web,Cycle11,Mar 2023,"2,000","$4,576"
Giveth,Cycle11,Mar 2023,"40,000","$91,520"
Metalswap,Cycle11,Mar 2023,"30,000","$68,640"
Galxe (Oat),Cycle11,Mar 2023,"200,000","$457,600"
Optiland Quests,Cycle11,Mar 2023,"20,000","$45,760"
Paytrie,Cycle11,Mar 2023,"50,000","$114,400"
Rabbit Hole,Cycle11,Mar 2023,"248,500","$568,568"
ShapeShift,Cycle11,Mar 2023,"200,000","$457,600"
Threshold,Cycle11,Mar 2023,"200,000","$457,600"
Vesper,Cycle11,Mar 2023,"75,000","$171,600"
Pyth Network ,Cycle13,Jun 2023,"40,000","$53,360"
DeSciWorld: Bringing DeSci to Optimism,Cycle13,Jun 2023,"20,000","$26,680"
RedStone Oracles on Optimism,Cycle13,Jun 2023,"40,000","$53,360"
DAOstar: DAO Onboarding & Attestation List,Cycle13,Jun 2023,"37,500","$50,025"
Unruggable Names,Cycle13,Jun 2023,"50,000","$66,700"
Bring Aragon and Augmented Bonding Curves to Optimism,Cycle13,Jun 2023,"40,000","$53,360"
Atlantis World,Cycle13,Jun 2023,"50,000","$66,700"
"DRPC.ORG - a more affordable, cost-efficient, and scalable RPC solution for Optimism",Cycle13,Jun 2023,"25,000","$33,350"
EAS: Supercharged Attestation Explorer,Cycle13,Jun 2023,"50,000","$66,700"
Open Source Observer: Impact Measurement for RPGF,Cycle13,Jun 2023,"50,000","$66,700"
evm-runners,Cycle13,Jun 2023,"25,000","$33,350"
Hildr: Optimism-java stack,Cycle13,Jun 2023,"25,000","$33,350"
Karma Grantee Accountability Platform,Cycle13,Jun 2023,"30,000","$40,020"
simple-op-stack-rollup,Cycle13,Jun 2023,"45,000","$60,030"
Cannon,Cycle13,Jun 2023,"50,000","$66,700"
Concrete,Cycle13,Jun 2023,"35,000","$46,690"
Extra Finance - Growth,Cycle13,Jun 2023,"104,000","$138,736"
deBridge,Cycle13,Jun 2023,"100,000","$133,400"
Layerswap: Onboarding to Optimism from everywhere,Cycle13,Jun 2023,"145,000","$193,430"
OP Podcast NFTs,Cycle13,Jun 2023,500,$667
Velodrome Finance,Cycle13,Jun 2023,"150,000","$200,100"
Metronome - Growth Experiments Grant,Cycle13,Jun 2023,"149,000","$198,766"
Pendle,Cycle13,Jun 2023,"112,000","$149,408"
Tide protocol Growth Campaigns,Cycle13,Jun 2023,"40,000","$53,360"
OmniBTC,Cycle13,Jun 2023,"90,000","$120,060"
Aura Finance,Cycle13,Jun 2023,"150,000","$200,100"
RFG-1: WakeUp Labs,Cycle13,Jun 2023,"30,000","$40,020"
Scry: Fully Decentralized and Independent Oracle and Data Infrastructure,Cycle13,Jun 2023,"140,000","$186,760"
Scry: Fully Decentralized and Independent Oracle and Data Infrastructure,Cycle13,Jun 2023,"60,000","$80,040"
LimeChain: Extend the L1Block contract to store historical block hash da,Cycle13,Jun 2023,"10,000","$13,340"
Dappnode: Future-proofing UI/UX of OP nodes,Cycle13,Jun 2023,"50,000","$66,700"
Velodrome: Spread Awareness Through Direct Outreach and Onboarding,Cycle13,Jun 2023,"100,000","$133,400"
Bankless DAO: Global Campaign to spread the Optimistic vision,Cycle13,Jun 2023,"70,395","$93,907"
Latruite.eth: Create and maintain the ‚ÄòOptimism Vision Reservoir‚Äô,Cycle13,Jun 2023,"4,000","$5,336"
"H.E.R., LatAm: Optimistic Womxn Shinning in Blockchain",Cycle13,Jun 2023,"15,761","$21,025"
Solow: Spread Optimistic values accross Latam with Solow,Cycle13,Jun 2023,"15,720","$20,970"
Espacio Cripto: Let‚Äôs take the Optimistic Vision to LATAM,Cycle13,Jun 2023,"45,600","$60,830"
Cryptoversidad Team: Develop the most relevant and aligned audiovisual content for the Optimism Collective,Cycle13,Jun 2023,"55,000","$73,370"
Ethereum Mexico: Rumbo optimista: hacia Ethereum Mexico,Cycle13,Jun 2023,"5,800","$7,737"
Bankless Academy: Multi-lingual Lesson on Optimism Governance,Cycle13,Jun 2023,"34,000","$45,356"
The RetroPGF Podcast,Cycle13,Jun 2023,"8,000","$10,672"
Delegate Corner,Cycle13,Jun 2023,"10,000","$13,340"
Trusted Seed: REGEN Score,Cycle13,Jun 2023,"95,000","$126,730"
Praise: Improving Governance Accessibility through Contribution Based Attestations,Cycle13,Jun 2023,"112,000","$149,408"
Pairwise: Tinder UX for web3 community signaling,Cycle13,Jun 2023,"95,000","$126,730"
DAOStar: Governance standards for the Optimism ecosystem,Cycle13,Jun 2023,"67,500","$90,045"
Velodrome: Fostering Inclusive Governance through Leading Optimism Builders and Long-term Users,Cycle13,Jun 2023,"350,000","$466,900"
Velodrome: Fostering Inclusive Governance through Leading Optimism Builders and Long-term Users,Cycle13,Jun 2023,"650,000","$867,100"
OPdelegate.com ,Cycle13,Jun 2023,"85,000","$113,390"
Culture Blocks,Cycle14,Jul 2022,4000,"$6,460"
DappyKit,Cycle14,Jul 2022,50000,"$80,750"
DeCommas,Cycle14,Jul 2023,40000,"$64,600"
EUROe,Cycle14,Jul 2023,44500,"$71,868"
GasHawk,Cycle14,Jul 2023,40000,"$64,600"
Grindery Delight,Cycle14,Jul 2023,10000,"$16,150"
growthepie,Cycle14,Jul 2023,35000,"$56,525"
Hamster,Cycle14,Jul 2023,40000,"$64,600"
Launchcaster,Cycle14,Jul 2023,25000,"$40,375"
Liquid Resilience,Cycle14,Jul 2023,20000,"$32,300"
Locksmith,Cycle14,Jul 2023,50000,"$80,750"
NFTScan,Cycle14,Jul 2023,35000,"$56,525"
Onboard &,Cycle14,Jul 2023,38800,"$62,662"
OnlyDust,Cycle14,Jul 2023,50000,"$80,750"
SafeSwap,Cycle14,Jul 2023,20000,"$32,300"
Solid Grinder,Cycle14,Jul 2023,25000,"$40,375"
Solidity Survivor,Cycle14,Jul 2023,32123,"$51,879"
Upnode,Cycle14,Jul 2023,30000,"$48,450"
Clearpool,Cycle14,Jul 2023,150000,"$242,250"
Clique,Cycle14,Jul 2023,100000,"$161,500"
Hypeshot,Cycle14,Jul 2023,60000,"$96,900"
Idle,Cycle14,Jul 2023,150000,"$242,250"
Invest in Music,Cycle14,Jul 2023,5000,"$8,075"
Let's Get HAI,Cycle14,Jul 2023,100000,"$161,500"
Liquity,Cycle14,Jul 2023,150000,"$242,250"
Mutual,Cycle14,Jul 2023,35000,"$56,525"
Octav,Cycle14,Jul 2023,45000,"$72,675"
Omni X,Cycle14,Jul 2023,75000,"$121,125"
Opti Social,Cycle14,Jul 2023,60000,"$96,900"
Optimism OAT,Cycle14,Jul 2023,250000,"$403,750"
Qubit Wallet,Cycle14,Jul 2023,50000,"$80,750"
The Optimistic Series,Cycle14,Jul 2023,30000,"$48,450"
TProtocol,Cycle14,Jul 2023,200000,"$323,000"
Velodrome,Cycle14,Jul 2023,250000,"$403,750"
Wombat Exchange,Cycle14,Jul 2023,150000,"$242,250"
Africa Founder Residency,Cycle15,Aug 2023,30000,"$41,760"
Autonomous World Ecosystem - AW House (Cycle 15),Cycle15,Aug 2023,35000,"$48,720"
Breadcrumbs.app,Cycle15,Aug 2023,"35,000","$48,720"
Harberger Tax implementation & EIP Draft,Cycle15,Aug 2023,19500,"$27,144"
Hedgehog Protocol,Cycle15,Aug 2023,25000,"$34,800"
Infinity Wallet - Builder Cycle 15,Cycle15,Aug 2023,30000,"$41,760"
Inheriti¬Æ Data Backup and Digital Inheritance Solution,Cycle15,Aug 2023,"28,000","$38,976"
MultiBaas blockchain middleware,Cycle15,Aug 2023,33000,"$45,936"
Ocean Protocol for AI on Optimism,Cycle15,Aug 2023,"38,000","$52,896"
Onboarding Brazilian Developers,Cycle15,Aug 2023,39200,"$54,566"
Reputation & Roles,Cycle15,Aug 2023,"30,000","$41,760"
Scalind - OP Chains constructor,Cycle15,Aug 2023,"35,000","$48,720"
Soldeer,Cycle15,Aug 2023,30000,"$41,760"
Station Labs | A new meta for activating and engaging smart accounts ,Cycle15,Aug 2023,"30,000","$41,760"
Superchain Resolver: Manage ENS Records on OP Chains (storage proofs),Cycle15,Aug 2023,"34,000","$47,328"
viaPrize,Cycle15,Aug 2023,"25,000","$34,800"
Beefy - Universal Zap,Cycle15,Aug 2023,"210,000","$292,320"
"DRPC - a more affordable, cost-efficient, and scalable RPC solution for Optimism",Cycle15,Aug 2023,"75,000","$104,400"
Immunefi Bug Bounty Program for Protocols building on Optimism,Cycle15,Aug 2023,"210,000","$292,320"
Kwenta Referral Program,Cycle15,Aug 2023,210000,"$292,320"
Lemon Cash Grant Proposal,Cycle15,Aug 2023,80000,"$111,360"
LYRA V2,Cycle15,Aug 2023,210000,"$292,320"
Velodrome Finance,Cycle15,Aug 2023,"210,000","$292,320"
"""Blocknative Open Transaction Explorer with Optimism L2 mainnet support | RFG-1
""",Cycle15,Aug 2023,30000,"$41,760"
MultiBaas historical data,Cycle15,Aug 2023,25000,"$34,800"
seal: UI for smart contracts,Cycle15,Aug 2023,100000,"$139,200"
[RFG-3] Sherlock Audits,Cycle15,Aug 2023,200000,"$278,400"
[RFG-3] Trail of Bits Security Reviews,Cycle15,Aug 2023,400000,"$556,800"
Cantina.xyx and Spearbit Labs: RFG-3,Cycle15,Aug 2023,400000,"$556,800"
LlamaNodes | High-Performant & Cost-Effective RPCs,Cycle15,Aug 2023,100000,"$139,200"
FHE x OP ,Cycle15,Aug 2023,11000,"$15,312"
Identity Fusion in the Optimism Ecosystem ,Cycle15,Aug 2023,20000,"$27,840"
Metagov,Cycle15,Aug 2023,20000,"$27,840"
Shapley Values,Cycle15,Aug 2023,11000,"$15,312"
Tokenbound: Tooling for 6551,Cycle15,Aug 2023,50000,"$69,600"
Compete Guide To Cross Chain / Rollup Interoperability,Cycle15,Aug 2023,100000,"$139,200"
Cross-chain interoperability research,Cycle15,Aug 2023,100000,"$139,200"
Decentralized rollup-as-a-service - WakeUp Labs,19 - intent 1,Mar 2024,65000,"$239,850"
Research and development on multi-section dispute game,19 - intent 1,Mar 2024,30000,"$110,700"
Research on Alternative OP Stack Zero Knowledge Fraud-Proof using Wasm,19 - intent 1,Mar 2024,50000,"$184,500"
Lightweight Open Source Explorer for the Superchain,19 - intent 1,Mar 2024,50000,"$184,500"
PermaDA: Utilizing Arweave as a low-cost permanent data availability solution,19 - intent 1,Mar 2024,30000,"$110,700"
Community builder: IRL Age of Empires Governance Platform,19 - intent 2,Mar 2024,50000,"$184,500"
EasyRetroPGF.xyz,19 - intent 2,Mar 2024,50000,"$184,500"
Enhancing Decision-Making with Quadratic Voting on Optimism,19 - intent 2,Mar 2024,34000,"$125,460"
ERC-7265 Security Tooling,19 - intent 2,Mar 2024,20000,"$73,800"
ERC-7412 Tooling + Education,19 - intent 2,Mar 2024,50000,"$184,500"
Karma GAP - RetroPGF Project Discovery and impact evaluation,19 - intent 2,Mar 2024,45000,"$166,050"
LOGX: Aggregated Orderbook Perp DEX,19 - intent 2,Mar 2024,50000,"$184,500"
Namespace,19 - intent 2,Mar 2024,15000,"$55,350"
On-chain DAO Committee,19 - intent 2,Mar 2024,1000,"$3,690"
xOPTokens: enabling xERC20 on OP Mainnet Messaging Layer,19 - intent 2,Mar 2024,15000,"$55,350"
Synthetix IPFS Node,19 - intent 2,Mar 2024,50000,"$184,500"
Lumio - AltVM on Superchain,19 - intent 2,Mar 2024,50000,"$184,500"
RADAR Launch Future Pools,19 - intent 2,Mar 2024,5000,"$18,450"
Gearbox Protocol,19 - intent 2,Mar 2024,50000,"$184,500"
Synthetix Growth Grant Request,19 - intent 2,Mar 2024,200000,"$738,000"
Thales Protocol,19 - intent 2,Mar 2024,200000,"$738,000"
Velodrome Finance - Growth Experiments,19 - intent 2,Mar 2024,200000,"$738,000"
ZK Toolkit for ZK Application Developers - WakeUp Labs,19 - intent 2,Mar 2024,70000,"$258,300"
Audio Galleries,19 - intent 3,Mar 2024,5000,"$18,450"
Burrito In NFT NYC,19 - intent 3,Mar 2024,5000,"$18,450"
Edge City,19 - intent 3,Mar 2024,5000,"$18,450"
Synthetix Mission Request for Perps DEX,19 - intent 3,Mar 2024,400000,"$1,476,000"
Velodrome Finance - Perp Dex,19 - intent 3,Mar 2024,100000,"$369,000"
BetCaster: The Governance Game,19 - intent 3,Mar 2024,50000,"$184,500"
DelegateKit - A complete Farcaster DAO toolkit,19 - intent 3,Mar 2024,80000,"$295,200"
Superchain Evolution: Engaging Users with Farcaster,19 - intent 3,Mar 2024,75000,"$276,750"
ether.fi - DeFi integrations to Optimism,19 - intent 3,Mar 2024,50000,"$184,500"
KelpDAO - Bringing restaking to Optimism,19 - intent 3,Mar 2024,50000,"$184,500"
Velodrome Finance - LST Support,19 - intent 3,Mar 2024,100000,"$369,000"
Scale ENS to OP | Blockful ‚Äì Official ENS Service Provider,19 - intent 3,Mar 2024,40000,"$147,600"
Unruggable - Scale ENS to OP,19 - intent 3,Mar 2024,60000,"$221,400"
Superchain Accounts - WakeUp Labs,19 - intent 3,Mar 2024,35000,"$129,150"
Decentralized Vouching via Attestations,19 - intent 4,Mar 2024,18000,"$66,420"
Optimism at Boston University,19 - intent 4,Mar 2024,20000,"$73,800"
Optimism Gov and RPGF into Latin American University Courses,19 - intent 4,Mar 2024,16000,"$59,040"
Impact Visualization Platform,19 - intent 4,Mar 2024,30000,"$110,700"
WakeUp Labs - Impact Evaluation Framework and Dashboard,19 - intent 4,Mar 2024,30000,"$110,700"
grants supertracker,19 - intent 4,Mar 2024,5000,"$18,450"
Nethermind CL Client - C#,22 - intent 1,May 2024,50000,"$122,750"
op-besu - an OP Stack execution client based on hyperledger besu,22 - intent 1,May 2024,50000,"$122,750"
The OP Fault Proof CTF,22 - intent 1,May 2024,250000,"$613,750"
Generalized mempool encryption interface for OP Stack chains and deployment of a mempool encrypted OP Stack testnet using threshold encryption.,22 - intent 1,May 2024,50000,"$122,750"
Research on using YubiHSM and AWS KMS hardware signer on OP Stack,22 - intent 1,May 2024,15000,"$36,825"
Batcher Gas Fee Optimization Research and Implementation,22 - intent 1,May 2024,40000,"$98,200"
Extend the Availability of EIP-4844 Blobs by Integrating OP Stack with EthStorage,22 - intent 1,May 2024,30000,"$73,650"
OPcity stack,22 - intent 1,May 2024,30000,"$73,650"
blob-archiver-rs - a robust blob-archiver service in rust,22 - intent 1,May 2024,10000,"$24,550"
PlasmaDA Translation Hub,22 - intent 1,May 2024,15000,"$36,825"
Node Guardians x OP Stack,22 - intent 1,May 2024,20000,"$49,100"
Veldrome Finance - OS Developer Tooling,22 - intent 1,May 2024,30000,"$73,650"
(Migrate) Inverter Network,22 - intent 2,May 2024,50000,"$122,750"
A Multichain Modular Privacy Framework with a decentralized compliance network,22 - intent 2,May 2024,50000,"$122,750"
aDeal network,22 - intent 2,May 2024,35000,"$85,925"
Ame Network - Composable Social Network,22 - intent 2,May 2024,25000,"$61,375"
BlockPI Account Abstraction Service,22 - intent 2,May 2024,21000,"$51,555"
Bloom Metrics: The Optimism Impact Garden,22 - intent 2,May 2024,45000,"$110,475"
Bonadocs,22 - intent 2,May 2024,50000,"$122,750"
Building an On-Chain Review System with EAS,22 - intent 2,May 2024,20000,"$49,100"
dAppBooster: Frontend Starter Kit,22 - intent 2,May 2024,23000,"$56,465"
DappyKit - Superchain,22 - intent 2,May 2024,50000,"$122,750"
Dark Forest ARES,22 - intent 2,May 2024,30054,"$73,783"
Ethernaut CLI,22 - intent 2,May 2024,50000,"$122,750"
Executable: An intent-oriented Multi-Tx Tool,22 - intent 2,May 2024,35000,"$85,925"
Godot engine gdscript sdk for connect optimism,22 - intent 2,May 2024,35000,"$85,925"
growthepie √∞≈∏¬•¬ß√∞≈∏‚Äú¬è Application-Level Analytics for the Superchain,22 - intent 2,May 2024,50000,"$122,750"
In-depth fee tracker for OP chains on fees.growthepie.xyz,22 - intent 2,May 2024,20000,"$49,100"
Mississippi Game Hackathon,22 - intent 2,May 2024,12000,"$29,460"
Namespace,22 - intent 2,May 2024,5000,"$12,275"
OP Passport,22 - intent 2,May 2024,38000,"$93,290"
Optimistic Crowdstaking: Funding more Builders on Optimism,22 - intent 2,May 2024,30000,"$73,650"
Polynomial Optimistic Indexer ,22 - intent 2,May 2024,40000,"$98,200"
Redprint : toolkit an interactive code generator and a dev framework to modify & deploy OPStack √¢‚Ç¨‚Ñ¢s contracts,22 - intent 2,May 2024,38500,"$94,518"
Strands' Optimism Integration Acceleration,22 - intent 2,May 2024,35000,"$85,925"
Superchain Trading Tools,22 - intent 2,May 2024,40000,"$98,200"
Tribuni: Forum & Proposal Alerts/Summary System,22 - intent 2,May 2024,5680,"$13,944"
Unifra- Open Infrastructure for everyone,22 - intent 2,May 2024,30000,"$73,650"
Vain - An open marketplace for mining vanity ETH addresses,22 - intent 2,May 2024,5000,"$12,275"
[Pike] Unlocking the Multichain Utility of OP,22 - intent 2,May 2024,50000,"$122,750"
Proposal: Silo Finance,22 - intent 2,May 2024,250000,"$613,750"
Broaden & Deepen Governance Token User Base,22 - intent 2,May 2024,10750,"$26,391"
Compound Finance,22 - intent 2,May 2024,150000,"$368,250"
deBridge,22 - intent 2,May 2024,150000,"$368,250"
Cobo Argus: Optimism DeFi Automation Platform for Institutions,22 - intent 2,May 2024,50000,"$122,750"
LOGX: Aggregated Orderbook Perp DEX,22 - intent 2,May 2024,100000,"$245,500"
Poolside,22 - intent 2,May 2024,50000,"$122,750"
Supercharge OP Mainnet,22 - intent 2,May 2024,35000,"$85,925"
Mountain Protocol,22 - intent 2,May 2024,50000,"$122,750"
Contango.xyz,22 - intent 2,May 2024,50000,"$122,750"
Covenant - Tradeable Debt Markets Backed By Any Asset,22 - intent 2,May 2024,50000,"$122,750"
Curve Lending Proposal,22 - intent 2,May 2024,150000,"$368,250"
Gamma Strategies - Growth Experiments,22 - intent 2,May 2024,150000,"$368,250"
Timeswap,22 - intent 2,May 2024,30000,"$73,650"
bleu - tech partner of OP native projects,22 - intent 2,May 2024,40000,"$98,200"
Glo Dollar - upgrade to funding RetroPGF,22 - intent 2,May 2024,50000,"$122,750"
Velodrome Finance - Revenue Sources for RPGF ,22 - intent 2,May 2024,50000,"$122,750"
zk Toolkit by Reclaim Protocol ,22 - intent 2,May 2024,5000,"$12,275"
Anonymous Voting PoC,22 - intent 3,May 2024,8000,"$19,640"
Interested.fyi: Building new Social Graphs on Farcaster,22 - intent 3,May 2024,37500,"$92,063"
Daimo,22 - intent 3,May 2024,50000,"$122,750"
Implement Farcaster social graph data into CoLinks and CoSoul onchain reputation,22 - intent 3,May 2024,50000,"$122,750"
AlfaFrens,22 - intent 3,May 2024,30000,"$73,650"
Ponder surveys for superchain builders,22 - intent 3,May 2024,80000,"$196,400"
GridExplore,22 - intent 3,May 2024,36000,"$88,380"
Speedtracer,22 - intent 3,May 2024,5000,"$12,275"
Castpay: P2P Transaction and Yield Earning Tool on Warpcast,22 - intent 3,May 2024,7890,"$19,370"
HyperArc - Make Social Graphs Great Again,22 - intent 3,May 2024,35000,"$85,925"
Noun PCs - Zynga for Farcaster,22 - intent 3,May 2024,40000,"$98,200"
Wormhole Foundation - wstETH Bridge,22 - intent 3,May 2024,50000,"$122,750"
PoolTogether Rocket Pool Prize Vaults,22 - intent 3,May 2024,120000,"$294,600"
Sommelier Real Yield ETH (LST Vault) on OP,22 - intent 3,May 2024,50000,"$122,750"
Balancer LST and LRT Hub,22 - intent 3,May 2024,100000,"$245,500"
ETHx on OP,22 - intent 3,May 2024,50000,"$122,750"
Stake Together L2 Staking Products on Optimism,22 - intent 3,May 2024,50000,"$122,750"
Opti.domains ENS L2 Development,22 - intent 3,May 2024,50000,"$122,750"
Nethermind Security - Smart Contract Audit Services,22 - intent 3,May 2024,70000,"$171,850"
Spearbit/Cantina for SC auditing and security services,22 - intent 3,May 2024,145000,"$355,975"
Trail of Bits Security Reviews,22 - intent 3,May 2024,200000,"$491,000"
Halborn - Smart Contract Auditing,22 - intent 3,May 2024,50000,"$122,750"
Sherlock - Smart Contract Audits Mission Request,22 - intent 3,May 2024,200000,"$491,000"
x23.ai - AI governance summariser + chatbot,22 - intent 4,May 2024,4000,"$9,820"
Bleu Assistant AI,22 - intent 4,May 2024,7000,"$17,185"
GovTalks: Unlocking Optimistic Potential,22 - intent 4,May 2024,10000,"$24,550"
Boosting Delegation on Optimism,22 - intent 4,May 2024,50000,"$122,750"
Velodrome Finance - Governance Participation,22 - intent 4,May 2024,40000,"$98,200"
Optimism at Rio de Janeiro Federal Universities: a collaboration with the Blockchain Innovation Hub,22 - intent 4,May 2024,20000,"$49,100"
[CENFOTEC] Optimism in Costa Rica University,22 - intent 4,May 2024,2500,"$6,138"